{"info":{"year":"2023","version":"2","description":"Exported from roboflow.ai","contributor":"","url":"https://public.roboflow.ai/object-detection/undefined","date_created":"2023-02-04T15:27:48+00:00"},"licenses":[{"id":1,"url":"https://creativecommons.org/licenses/by/4.0/","name":"CC BY 4.0"}],"categories":[{"id":0,"name":"Objects","supercategory":"none"},{"id":1,"name":"Carrot","supercategory":"Objects"},{"id":2,"name":"Carrot Boss","supercategory":"Objects"},{"id":3,"name":"Dirt","supercategory":"Objects"},{"id":4,"name":"Player","supercategory":"Objects"},{"id":5,"name":"Potato Boss","supercategory":"Objects"},{"id":6,"name":"Ray","supercategory":"Objects"}],"images":[{"id":0,"license":1,"file_name":"ezgif-frame-079_jpg.rf.00ab36b4acaef68d978c814ce4338682.jpg","height":416,"width":416,"date_captured":"2023-02-04T15:27:48+00:00"},{"id":1,"license":1,"file_name":"ezgif-frame-003_jpg.rf.00c9b98b983b1ac092b0a39317004bdd.jpg","height":416,"width":416,"date_captured":"2023-02-04T15:27:48+00:00"},{"id":2,"license":1,"file_name":"ezgif-frame-005_jpg.rf.00cb8fe08253f9cb2a58d05dc9ad353b.jpg","height":416,"width":416,"date_captured":"2023-02-04T15:27:48+00:00"},{"id":3,"license":1,"file_name":"ezgif-frame-007_jpg.rf.06d2135f151b636c69879521fc452294.jpg","height":416,"width":416,"date_captured":"2023-02-04T15:27:48+00:00"},{"id":4,"license":1,"file_name":"ezgif-frame-083_jpg.rf.0bcd88b025ab971f31b0cbcc9c7bbbce.jpg","height":416,"width":416,"date_captured":"2023-02-04T15:27:48+00:00"},{"id":5,"license":1,"file_name":"ezgif-frame-080_jpg.rf.0bcded82f4cd4b2d0735b58dfe6550b0.jpg","height":416,"width":416,"date_captured":"2023-02-04T15:27:48+00:00"},{"id":6,"license":1,"file_name":"ezgif-frame-078_jpg.rf.0c67ce041d1b106781eb242e30534d1e.jpg","height":416,"width":416,"date_captured":"2023-02-04T15:27:48+00:00"},{"id":7,"license":1,"file_name":"ezgif-frame-079_jpg.rf.10936cda14762e2ccabb9b3914982881.jpg","height":416,"width":416,"date_captured":"2023-02-04T15:27:48+00:00"},{"id":8,"license":1,"file_name":"ezgif-frame-006_jpg.rf.11046e05bf14f3c786039a59ad0fbdef.jpg","height":416,"width":416,"date_captured":"2023-02-04T15:27:48+00:00"},{"id":9,"license":1,"file_name":"ezgif-frame-059_jpg.rf.129e2508b417b05504b446df9cac71d7.jpg","height":416,"width":416,"date_captured":"2023-02-04T15:27:48+00:00"},{"id":10,"license":1,"file_name":"ezgif-frame-090_jpg.rf.1456aa1c2613ee0ba17ad0904a760d4d.jpg","height":416,"width":416,"date_captured":"2023-02-04T15:27:48+00:00"},{"id":11,"license":1,"file_name":"ezgif-frame-044_jpg.rf.1563c40ff1db98ed48772d1cb082615e.jpg","height":416,"width":416,"date_captured":"2023-02-04T15:27:48+00:00"},{"id":12,"license":1,"file_name":"ezgif-frame-059_jpg.rf.15f7f13a204e3a8a0f2cb6f5022ba48f.jpg","height":416,"width":416,"date_captured":"2023-02-04T15:27:48+00:00"},{"id":13,"license":1,"file_name":"ezgif-frame-031_jpg.rf.1864feec32731ac685c47f90d32dc076.jpg","height":416,"width":416,"date_captured":"2023-02-04T15:27:48+00:00"},{"id":14,"license":1,"file_name":"ezgif-frame-094_jpg.rf.18b68ca52b7af21f41ffa3355926647d.jpg","height":416,"width":416,"date_captured":"2023-02-04T15:27:48+00:00"},{"id":15,"license":1,"file_name":"ezgif-frame-021_jpg.rf.1a34a0860c6ea63fe540b5cf76d87d04.jpg","height":416,"width":416,"date_captured":"2023-02-04T15:27:48+00:00"},{"id":16,"license":1,"file_name":"ezgif-frame-011_jpg.rf.1d423e1f1a3f39d04a4ad7764273f34f.jpg","height":416,"width":416,"date_captured":"2023-02-04T15:27:48+00:00"},{"id":17,"license":1,"file_name":"ezgif-frame-049_jpg.rf.20f9f86d5fe1035a9222cc5294a7ba60.jpg","height":416,"width":416,"date_captured":"2023-02-04T15:27:48+00:00"},{"id":18,"license":1,"file_name":"ezgif-frame-089_jpg.rf.1fe9c1b78d67969cdd6fea98653bf4c9.jpg","height":416,"width":416,"date_captured":"2023-02-04T15:27:48+00:00"},{"id":19,"license":1,"file_name":"ezgif-frame-091_jpg.rf.1db4b99d0e4072b5f21a90a3f80f9b60.jpg","height":416,"width":416,"date_captured":"2023-02-04T15:27:48+00:00"},{"id":20,"license":1,"file_name":"ezgif-frame-060_jpg.rf.22a6ddd4545c298d238a042a1258d71b.jpg","height":416,"width":416,"date_captured":"2023-02-04T15:27:48+00:00"},{"id":21,"license":1,"file_name":"ezgif-frame-078_jpg.rf.2386a5e36da1b5661ed5c046b1b3ae57.jpg","height":416,"width":416,"date_captured":"2023-02-04T15:27:48+00:00"},{"id":22,"license":1,"file_name":"ezgif-frame-098_jpg.rf.1b98a4896819d39adbb937fbafe8babe.jpg","height":416,"width":416,"date_captured":"2023-02-04T15:27:48+00:00"},{"id":23,"license":1,"file_name":"ezgif-frame-069_jpg.rf.2b1fe66a299c62b1b64803ca2727b33c.jpg","height":416,"width":416,"date_captured":"2023-02-04T15:27:48+00:00"},{"id":24,"license":1,"file_name":"ezgif-frame-027_jpg.rf.16d140bafb17d1fa9e5da17653f8f021.jpg","height":416,"width":416,"date_captured":"2023-02-04T15:27:48+00:00"},{"id":25,"license":1,"file_name":"ezgif-frame-053_jpg.rf.2cfcd3eb25315222211ee2102dd1c79b.jpg","height":416,"width":416,"date_captured":"2023-02-04T15:27:48+00:00"},{"id":26,"license":1,"file_name":"ezgif-frame-023_jpg.rf.2dab5c932ad850cafb86ef8eb52125d8.jpg","height":416,"width":416,"date_captured":"2023-02-04T15:27:48+00:00"},{"id":27,"license":1,"file_name":"ezgif-frame-023_jpg.rf.2dd8d3dafd6d6c9906d0f94b3ce4d8bf.jpg","height":416,"width":416,"date_captured":"2023-02-04T15:27:48+00:00"},{"id":28,"license":1,"file_name":"ezgif-frame-095_jpg.rf.2cb2658a99f69881756cf42a60011abf.jpg","height":416,"width":416,"date_captured":"2023-02-04T15:27:48+00:00"},{"id":29,"license":1,"file_name":"ezgif-frame-091_jpg.rf.2ff89c2ec228e9e5d6c1bf66afc3de87.jpg","height":416,"width":416,"date_captured":"2023-02-04T15:27:48+00:00"},{"id":30,"license":1,"file_name":"ezgif-frame-043_jpg.rf.35e31ba45f1ab105d7bfebfdb291f060.jpg","height":416,"width":416,"date_captured":"2023-02-04T15:27:48+00:00"},{"id":31,"license":1,"file_name":"ezgif-frame-031_jpg.rf.312dd5a2c3c396a26e8f04070feb2062.jpg","height":416,"width":416,"date_captured":"2023-02-04T15:27:48+00:00"},{"id":32,"license":1,"file_name":"ezgif-frame-047_jpg.rf.36b40c6294c1d728fbdfd750105f481f.jpg","height":416,"width":416,"date_captured":"2023-02-04T15:27:48+00:00"},{"id":33,"license":1,"file_name":"ezgif-frame-082_jpg.rf.394c8eb05488e85999084393c65b98ab.jpg","height":416,"width":416,"date_captured":"2023-02-04T15:27:48+00:00"},{"id":34,"license":1,"file_name":"ezgif-frame-082_jpg.rf.39a271574c7cd0b3011c56bd155d3451.jpg","height":416,"width":416,"date_captured":"2023-02-04T15:27:48+00:00"},{"id":35,"license":1,"file_name":"ezgif-frame-076_jpg.rf.3a2279394392aa89c7410a0b54c8de20.jpg","height":416,"width":416,"date_captured":"2023-02-04T15:27:48+00:00"},{"id":36,"license":1,"file_name":"ezgif-frame-043_jpg.rf.3c1e7536d94f9d3d0fbf46612ea81d80.jpg","height":416,"width":416,"date_captured":"2023-02-04T15:27:48+00:00"},{"id":37,"license":1,"file_name":"ezgif-frame-070_jpg.rf.3d9121d2da7ca0f62994b0eb69484d5d.jpg","height":416,"width":416,"date_captured":"2023-02-04T15:27:48+00:00"},{"id":38,"license":1,"file_name":"ezgif-frame-045_jpg.rf.4242bb3dba85e029ecac61b0922b836e.jpg","height":416,"width":416,"date_captured":"2023-02-04T15:27:48+00:00"},{"id":39,"license":1,"file_name":"ezgif-frame-057_jpg.rf.3fc1e5066a623b78a2d4f7909c760265.jpg","height":416,"width":416,"date_captured":"2023-02-04T15:27:48+00:00"},{"id":40,"license":1,"file_name":"ezgif-frame-065_jpg.rf.3c7d3349aa1e3ffee9738002807c0070.jpg","height":416,"width":416,"date_captured":"2023-02-04T15:27:48+00:00"},{"id":41,"license":1,"file_name":"ezgif-frame-042_jpg.rf.426ae6d973f1bcf3d8cbff4684ed481a.jpg","height":416,"width":416,"date_captured":"2023-02-04T15:27:48+00:00"},{"id":42,"license":1,"file_name":"ezgif-frame-072_jpg.rf.4652ae89135c08ddbc4fa2417fb7c4ca.jpg","height":416,"width":416,"date_captured":"2023-02-04T15:27:48+00:00"},{"id":43,"license":1,"file_name":"ezgif-frame-093_jpg.rf.48dc304e018e48ae697ba9eade4a2e0e.jpg","height":416,"width":416,"date_captured":"2023-02-04T15:27:48+00:00"},{"id":44,"license":1,"file_name":"ezgif-frame-081_jpg.rf.4ee2d20e91a2859321b12cee47d50d62.jpg","height":416,"width":416,"date_captured":"2023-02-04T15:27:48+00:00"},{"id":45,"license":1,"file_name":"ezgif-frame-074_jpg.rf.4eed7f403e24c9862c289d2ad345be7f.jpg","height":416,"width":416,"date_captured":"2023-02-04T15:27:48+00:00"},{"id":46,"license":1,"file_name":"ezgif-frame-032_jpg.rf.5034f9c10ad7c71bb7fed0887e1688bc.jpg","height":416,"width":416,"date_captured":"2023-02-04T15:27:48+00:00"},{"id":47,"license":1,"file_name":"ezgif-frame-061_jpg.rf.46ff4ac3685cb745b5a15ceb29375b34.jpg","height":416,"width":416,"date_captured":"2023-02-04T15:27:48+00:00"},{"id":48,"license":1,"file_name":"ezgif-frame-039_jpg.rf.49471d14b7dc9cb9c46b0bfc4052b03b.jpg","height":416,"width":416,"date_captured":"2023-02-04T15:27:48+00:00"},{"id":49,"license":1,"file_name":"ezgif-frame-099_jpg.rf.577cfad1bba5ed8f189c81ae48d4b257.jpg","height":416,"width":416,"date_captured":"2023-02-04T15:27:48+00:00"},{"id":50,"license":1,"file_name":"ezgif-frame-050_jpg.rf.5a9590a3f05beec570b7eb1f7b70ac3f.jpg","height":416,"width":416,"date_captured":"2023-02-04T15:27:48+00:00"},{"id":51,"license":1,"file_name":"ezgif-frame-073_jpg.rf.5bac2a731027bd7a18a52d1d8ff3f127.jpg","height":416,"width":416,"date_captured":"2023-02-04T15:27:48+00:00"},{"id":52,"license":1,"file_name":"ezgif-frame-019_jpg.rf.548c77751d02e28ac9848ae8f93d5806.jpg","height":416,"width":416,"date_captured":"2023-02-04T15:27:48+00:00"},{"id":53,"license":1,"file_name":"ezgif-frame-092_jpg.rf.5c8a1527b0a3f738e3c9c957836a46b1.jpg","height":416,"width":416,"date_captured":"2023-02-04T15:27:48+00:00"},{"id":54,"license":1,"file_name":"ezgif-frame-081_jpg.rf.5dc9cc30d86a1876cf330c44c04f23de.jpg","height":416,"width":416,"date_captured":"2023-02-04T15:27:48+00:00"},{"id":55,"license":1,"file_name":"ezgif-frame-002_jpg.rf.5e92b84492604d82bd7fbb3135741ee2.jpg","height":416,"width":416,"date_captured":"2023-02-04T15:27:48+00:00"},{"id":56,"license":1,"file_name":"ezgif-frame-002_jpg.rf.5c3bb5bb339573554cbbaa5a5a63f02b.jpg","height":416,"width":416,"date_captured":"2023-02-04T15:27:48+00:00"},{"id":57,"license":1,"file_name":"ezgif-frame-003_jpg.rf.5ff8af5de330d872881ef957261eca3b.jpg","height":416,"width":416,"date_captured":"2023-02-04T15:27:48+00:00"},{"id":58,"license":1,"file_name":"ezgif-frame-056_jpg.rf.64b47cb2bc6f3509b53eab18969a6739.jpg","height":416,"width":416,"date_captured":"2023-02-04T15:27:48+00:00"},{"id":59,"license":1,"file_name":"ezgif-frame-049_jpg.rf.66e17873f652ba188d42a98a3cbbaaee.jpg","height":416,"width":416,"date_captured":"2023-02-04T15:27:48+00:00"},{"id":60,"license":1,"file_name":"ezgif-frame-015_jpg.rf.65793fb21eb20669ab271fd6763294ce.jpg","height":416,"width":416,"date_captured":"2023-02-04T15:27:48+00:00"},{"id":61,"license":1,"file_name":"ezgif-frame-060_jpg.rf.675880a2905eaa396f5892b1cbb7486e.jpg","height":416,"width":416,"date_captured":"2023-02-04T15:27:48+00:00"},{"id":62,"license":1,"file_name":"ezgif-frame-009_jpg.rf.5fc016953c5d21c5af0413fc42ef8a49.jpg","height":416,"width":416,"date_captured":"2023-02-04T15:27:48+00:00"},{"id":63,"license":1,"file_name":"ezgif-frame-033_jpg.rf.69034d8ac8a772bf2e0828c1a3f28780.jpg","height":416,"width":416,"date_captured":"2023-02-04T15:27:48+00:00"},{"id":64,"license":1,"file_name":"ezgif-frame-011_jpg.rf.695db70ea97fd03efa851a3786ee3938.jpg","height":416,"width":416,"date_captured":"2023-02-04T15:27:48+00:00"},{"id":65,"license":1,"file_name":"ezgif-frame-100_jpg.rf.69cfffd187a8f9189d8de2fa508f5260.jpg","height":416,"width":416,"date_captured":"2023-02-04T15:27:48+00:00"},{"id":66,"license":1,"file_name":"ezgif-frame-039_jpg.rf.6a0b80989a551df6d17f1038ab83279d.jpg","height":416,"width":416,"date_captured":"2023-02-04T15:27:48+00:00"},{"id":67,"license":1,"file_name":"ezgif-frame-070_jpg.rf.6b4d83cef865b2f99adb81c899f07ac7.jpg","height":416,"width":416,"date_captured":"2023-02-04T15:27:48+00:00"},{"id":68,"license":1,"file_name":"ezgif-frame-012_jpg.rf.6f46d1b7ad4cd7c1679d9e3b9dafd5ce.jpg","height":416,"width":416,"date_captured":"2023-02-04T15:27:48+00:00"},{"id":69,"license":1,"file_name":"ezgif-frame-028_jpg.rf.6faf4c1ce2180c2ec61f1d6fa4364510.jpg","height":416,"width":416,"date_captured":"2023-02-04T15:27:48+00:00"},{"id":70,"license":1,"file_name":"ezgif-frame-022_jpg.rf.6fd55a8651d44a88d88bceb3091117a0.jpg","height":416,"width":416,"date_captured":"2023-02-04T15:27:48+00:00"},{"id":71,"license":1,"file_name":"ezgif-frame-096_jpg.rf.6d6328142975e772ff2361826190538b.jpg","height":416,"width":416,"date_captured":"2023-02-04T15:27:48+00:00"},{"id":72,"license":1,"file_name":"ezgif-frame-063_jpg.rf.705a711920becb59979390be9fc219fa.jpg","height":416,"width":416,"date_captured":"2023-02-04T15:27:48+00:00"},{"id":73,"license":1,"file_name":"ezgif-frame-096_jpg.rf.7438fbfdb4652993ec92bb4b80e553ff.jpg","height":416,"width":416,"date_captured":"2023-02-04T15:27:48+00:00"},{"id":74,"license":1,"file_name":"ezgif-frame-062_jpg.rf.74403cfae2abb08f732832228ea9aa65.jpg","height":416,"width":416,"date_captured":"2023-02-04T15:27:48+00:00"},{"id":75,"license":1,"file_name":"ezgif-frame-056_jpg.rf.75efa550b795c7511ff76750fe8647c4.jpg","height":416,"width":416,"date_captured":"2023-02-04T15:27:48+00:00"},{"id":76,"license":1,"file_name":"ezgif-frame-051_jpg.rf.787655a79a42c8f83736ad893459a627.jpg","height":416,"width":416,"date_captured":"2023-02-04T15:27:48+00:00"},{"id":77,"license":1,"file_name":"ezgif-frame-083_jpg.rf.7a5cf9bee5da33bb58fea4d082aabb92.jpg","height":416,"width":416,"date_captured":"2023-02-04T15:27:48+00:00"},{"id":78,"license":1,"file_name":"ezgif-frame-080_jpg.rf.7bb4b72ec8c90aa67c5c8460bf790270.jpg","height":416,"width":416,"date_captured":"2023-02-04T15:27:48+00:00"},{"id":79,"license":1,"file_name":"ezgif-frame-035_jpg.rf.7dbd9ed220cd8617eb0e5b55856e930e.jpg","height":416,"width":416,"date_captured":"2023-02-04T15:27:48+00:00"},{"id":80,"license":1,"file_name":"ezgif-frame-029_jpg.rf.78f01785c9d7abe27d9b98f24e5d7f8f.jpg","height":416,"width":416,"date_captured":"2023-02-04T15:27:48+00:00"},{"id":81,"license":1,"file_name":"ezgif-frame-018_jpg.rf.7e2035a580d9ddeaf8b11746bce22965.jpg","height":416,"width":416,"date_captured":"2023-02-04T15:27:48+00:00"},{"id":82,"license":1,"file_name":"ezgif-frame-087_jpg.rf.7f42c18982f20114815457421f42e0f0.jpg","height":416,"width":416,"date_captured":"2023-02-04T15:27:48+00:00"},{"id":83,"license":1,"file_name":"ezgif-frame-100_jpg.rf.803d1466d81896e74cb6d66694c0210c.jpg","height":416,"width":416,"date_captured":"2023-02-04T15:27:48+00:00"},{"id":84,"license":1,"file_name":"ezgif-frame-051_jpg.rf.80da100e08ab2ca195147c797b432c04.jpg","height":416,"width":416,"date_captured":"2023-02-04T15:27:48+00:00"},{"id":85,"license":1,"file_name":"ezgif-frame-034_jpg.rf.831d05a8eaf5516306b9dccee168e1b4.jpg","height":416,"width":416,"date_captured":"2023-02-04T15:27:48+00:00"},{"id":86,"license":1,"file_name":"ezgif-frame-007_jpg.rf.83a9279e60e4b7f187afa588e808f055.jpg","height":416,"width":416,"date_captured":"2023-02-04T15:27:48+00:00"},{"id":87,"license":1,"file_name":"ezgif-frame-064_jpg.rf.85de0e4692ccd5040c99e7e2a3470311.jpg","height":416,"width":416,"date_captured":"2023-02-04T15:27:48+00:00"},{"id":88,"license":1,"file_name":"ezgif-frame-054_jpg.rf.82564c60ec3d3f1ecee98060f9c830df.jpg","height":416,"width":416,"date_captured":"2023-02-04T15:27:48+00:00"},{"id":89,"license":1,"file_name":"ezgif-frame-021_jpg.rf.82a036e5afef2ad2d2f6af65cc75d118.jpg","height":416,"width":416,"date_captured":"2023-02-04T15:27:48+00:00"},{"id":90,"license":1,"file_name":"ezgif-frame-001_jpg.rf.86bc986cb0c2eb56721c209ed5fcac81.jpg","height":416,"width":416,"date_captured":"2023-02-04T15:27:48+00:00"},{"id":91,"license":1,"file_name":"ezgif-frame-055_jpg.rf.8ee09f2fc20c7a2b567ed5d0f75c6b8e.jpg","height":416,"width":416,"date_captured":"2023-02-04T15:27:48+00:00"},{"id":92,"license":1,"file_name":"ezgif-frame-068_jpg.rf.887b4bf6c87f0c1f2e5cbf5e6ab6ab41.jpg","height":416,"width":416,"date_captured":"2023-02-04T15:27:48+00:00"},{"id":93,"license":1,"file_name":"ezgif-frame-071_jpg.rf.91a7c49e9cb8f9cf93e43dda91f8e22e.jpg","height":416,"width":416,"date_captured":"2023-02-04T15:27:48+00:00"},{"id":94,"license":1,"file_name":"ezgif-frame-090_jpg.rf.95ff35b1e785a6cb610f5f0e16167651.jpg","height":416,"width":416,"date_captured":"2023-02-04T15:27:48+00:00"},{"id":95,"license":1,"file_name":"ezgif-frame-028_jpg.rf.94d00728b8fc3761a70ab95e43b43b9e.jpg","height":416,"width":416,"date_captured":"2023-02-04T15:27:48+00:00"},{"id":96,"license":1,"file_name":"ezgif-frame-020_jpg.rf.97dbfe4203b8a31c84081a4222c94cb7.jpg","height":416,"width":416,"date_captured":"2023-02-04T15:27:48+00:00"},{"id":97,"license":1,"file_name":"ezgif-frame-094_jpg.rf.9ce193a39a0ded55da8d0aea473b22c0.jpg","height":416,"width":416,"date_captured":"2023-02-04T15:27:48+00:00"},{"id":98,"license":1,"file_name":"ezgif-frame-075_jpg.rf.94b02d1a11da3e0d364abdb5bd4d1784.jpg","height":416,"width":416,"date_captured":"2023-02-04T15:27:48+00:00"},{"id":99,"license":1,"file_name":"ezgif-frame-089_jpg.rf.9d7caf5532bf22d13c2534f33d87819f.jpg","height":416,"width":416,"date_captured":"2023-02-04T15:27:48+00:00"},{"id":100,"license":1,"file_name":"ezgif-frame-005_jpg.rf.9e26020c23cad9d5cdbe4ebc26f44494.jpg","height":416,"width":416,"date_captured":"2023-02-04T15:27:48+00:00"},{"id":101,"license":1,"file_name":"ezgif-frame-062_jpg.rf.9f49725bf7838e0f5d05a0dec0513741.jpg","height":416,"width":416,"date_captured":"2023-02-04T15:27:48+00:00"},{"id":102,"license":1,"file_name":"ezgif-frame-085_jpg.rf.9f5fbca5f12e82c36038a726ba63e273.jpg","height":416,"width":416,"date_captured":"2023-02-04T15:27:48+00:00"},{"id":103,"license":1,"file_name":"ezgif-frame-053_jpg.rf.9d6e58bb120fcb79568b574b5e47a0aa.jpg","height":416,"width":416,"date_captured":"2023-02-04T15:27:48+00:00"},{"id":104,"license":1,"file_name":"ezgif-frame-077_jpg.rf.a067818d96b44114cb58e0745019e028.jpg","height":416,"width":416,"date_captured":"2023-02-04T15:27:48+00:00"},{"id":105,"license":1,"file_name":"ezgif-frame-074_jpg.rf.a080462767b89810ad453438ecb2d7e0.jpg","height":416,"width":416,"date_captured":"2023-02-04T15:27:48+00:00"},{"id":106,"license":1,"file_name":"ezgif-frame-033_jpg.rf.a168a67b172ad4742842c2198f71746a.jpg","height":416,"width":416,"date_captured":"2023-02-04T15:27:48+00:00"},{"id":107,"license":1,"file_name":"ezgif-frame-086_jpg.rf.a2d75a959ee5e86039b362cf8d559926.jpg","height":416,"width":416,"date_captured":"2023-02-04T15:27:48+00:00"},{"id":108,"license":1,"file_name":"ezgif-frame-087_jpg.rf.a375beed64578b54079ace414dd98fb6.jpg","height":416,"width":416,"date_captured":"2023-02-04T15:27:48+00:00"},{"id":109,"license":1,"file_name":"ezgif-frame-088_jpg.rf.a05b8299220baca4dfe73dcf40ee2593.jpg","height":416,"width":416,"date_captured":"2023-02-04T15:27:48+00:00"},{"id":110,"license":1,"file_name":"ezgif-frame-009_jpg.rf.a0b4e2697391ea1a2ca8bf38e973aad5.jpg","height":416,"width":416,"date_captured":"2023-02-04T15:27:48+00:00"},{"id":111,"license":1,"file_name":"ezgif-frame-099_jpg.rf.a4bb77770136b865afbb2bc015fcffd6.jpg","height":416,"width":416,"date_captured":"2023-02-04T15:27:48+00:00"},{"id":112,"license":1,"file_name":"ezgif-frame-088_jpg.rf.a76fe2058952def6f71033f4456d64c8.jpg","height":416,"width":416,"date_captured":"2023-02-04T15:27:48+00:00"},{"id":113,"license":1,"file_name":"ezgif-frame-097_jpg.rf.acd39e5e782dc8212877ec59376c8b1e.jpg","height":416,"width":416,"date_captured":"2023-02-04T15:27:48+00:00"},{"id":114,"license":1,"file_name":"ezgif-frame-006_jpg.rf.a80b57cd30afc7158a0a970a584b1e83.jpg","height":416,"width":416,"date_captured":"2023-02-04T15:27:48+00:00"},{"id":115,"license":1,"file_name":"ezgif-frame-084_jpg.rf.aeb3829b08427b012c3abd3573abbc6b.jpg","height":416,"width":416,"date_captured":"2023-02-04T15:27:48+00:00"},{"id":116,"license":1,"file_name":"ezgif-frame-018_jpg.rf.af75d69c8b56a986a9acc44a3ca01a18.jpg","height":416,"width":416,"date_captured":"2023-02-04T15:27:48+00:00"},{"id":117,"license":1,"file_name":"ezgif-frame-085_jpg.rf.ade6d38c4b99999105704fea42d35415.jpg","height":416,"width":416,"date_captured":"2023-02-04T15:27:48+00:00"},{"id":118,"license":1,"file_name":"ezgif-frame-010_jpg.rf.bcca9154c74007bf30f2e64d2045617e.jpg","height":416,"width":416,"date_captured":"2023-02-04T15:27:48+00:00"},{"id":119,"license":1,"file_name":"ezgif-frame-073_jpg.rf.b742a4d2fbd7e6518034947a3f999ccc.jpg","height":416,"width":416,"date_captured":"2023-02-04T15:27:48+00:00"},{"id":120,"license":1,"file_name":"ezgif-frame-040_jpg.rf.c26b8e79d870698de94620035fec15b6.jpg","height":416,"width":416,"date_captured":"2023-02-04T15:27:48+00:00"},{"id":121,"license":1,"file_name":"ezgif-frame-075_jpg.rf.b9622c8a0368660386ba5ba263adc804.jpg","height":416,"width":416,"date_captured":"2023-02-04T15:27:48+00:00"},{"id":122,"license":1,"file_name":"ezgif-frame-047_jpg.rf.c3aad471f066d13d7fac3dc943e34d2a.jpg","height":416,"width":416,"date_captured":"2023-02-04T15:27:48+00:00"},{"id":123,"license":1,"file_name":"ezgif-frame-057_jpg.rf.c5ea0505b526eb7847786ad4748b5b87.jpg","height":416,"width":416,"date_captured":"2023-02-04T15:27:48+00:00"},{"id":124,"license":1,"file_name":"ezgif-frame-034_jpg.rf.c656d04d1e1aa2e50189fb7780d04e35.jpg","height":416,"width":416,"date_captured":"2023-02-04T15:27:48+00:00"},{"id":125,"license":1,"file_name":"ezgif-frame-066_jpg.rf.c839f13266ebc14e01c370ab67452bf8.jpg","height":416,"width":416,"date_captured":"2023-02-04T15:27:48+00:00"},{"id":126,"license":1,"file_name":"ezgif-frame-019_jpg.rf.c488c21f4b875db40e26b37e97d5e4dc.jpg","height":416,"width":416,"date_captured":"2023-02-04T15:27:48+00:00"},{"id":127,"license":1,"file_name":"ezgif-frame-065_jpg.rf.c89b47d152853475f10e6c315049600e.jpg","height":416,"width":416,"date_captured":"2023-02-04T15:27:48+00:00"},{"id":128,"license":1,"file_name":"ezgif-frame-076_jpg.rf.cde25c615b869d0de0a9eee6bf277324.jpg","height":416,"width":416,"date_captured":"2023-02-04T15:27:48+00:00"},{"id":129,"license":1,"file_name":"ezgif-frame-015_jpg.rf.c8c60f40836d6149f9e01ba0acc08bb4.jpg","height":416,"width":416,"date_captured":"2023-02-04T15:27:48+00:00"},{"id":130,"license":1,"file_name":"ezgif-frame-077_jpg.rf.d046ea32392ce1d88c704ae508b25506.jpg","height":416,"width":416,"date_captured":"2023-02-04T15:27:48+00:00"},{"id":131,"license":1,"file_name":"ezgif-frame-054_jpg.rf.cff69f742b2fe1a91df072ef2756ac69.jpg","height":416,"width":416,"date_captured":"2023-02-04T15:27:48+00:00"},{"id":132,"license":1,"file_name":"ezgif-frame-027_jpg.rf.d1cb5e4c0f9e3eaf31a52a5224ae2e70.jpg","height":416,"width":416,"date_captured":"2023-02-04T15:27:48+00:00"},{"id":133,"license":1,"file_name":"ezgif-frame-001_jpg.rf.d77f333d88bc684b87d8569ff0c59734.jpg","height":416,"width":416,"date_captured":"2023-02-04T15:27:48+00:00"},{"id":134,"license":1,"file_name":"ezgif-frame-020_jpg.rf.d7bfe30bfc6133a7af7500fb51756299.jpg","height":416,"width":416,"date_captured":"2023-02-04T15:27:48+00:00"},{"id":135,"license":1,"file_name":"ezgif-frame-013_jpg.rf.d8e2a3351a0e9d0f15ce932ecaa76eb1.jpg","height":416,"width":416,"date_captured":"2023-02-04T15:27:48+00:00"},{"id":136,"license":1,"file_name":"ezgif-frame-063_jpg.rf.d9cd61c5b67241d07bc0ebb2e54c174f.jpg","height":416,"width":416,"date_captured":"2023-02-04T15:27:48+00:00"},{"id":137,"license":1,"file_name":"ezgif-frame-066_jpg.rf.da892848eadaffbd8edc43ce34463151.jpg","height":416,"width":416,"date_captured":"2023-02-04T15:27:48+00:00"},{"id":138,"license":1,"file_name":"ezgif-frame-067_jpg.rf.da66b5f85f8cb708407c1ea595125647.jpg","height":416,"width":416,"date_captured":"2023-02-04T15:27:48+00:00"},{"id":139,"license":1,"file_name":"ezgif-frame-004_jpg.rf.db83fe5087badb278cbed59d2a1452c6.jpg","height":416,"width":416,"date_captured":"2023-02-04T15:27:48+00:00"},{"id":140,"license":1,"file_name":"ezgif-frame-040_jpg.rf.e018f80753dd810879b89a20438be126.jpg","height":416,"width":416,"date_captured":"2023-02-04T15:27:48+00:00"},{"id":141,"license":1,"file_name":"ezgif-frame-029_jpg.rf.db9127714fbe1c55aa2b0b7f07ac01c4.jpg","height":416,"width":416,"date_captured":"2023-02-04T15:27:48+00:00"},{"id":142,"license":1,"file_name":"ezgif-frame-010_jpg.rf.e20412872627280cd16099c3b1f4a3da.jpg","height":416,"width":416,"date_captured":"2023-02-04T15:27:48+00:00"},{"id":143,"license":1,"file_name":"ezgif-frame-068_jpg.rf.e28d9145d17b3650ab0a8933cc5fc660.jpg","height":416,"width":416,"date_captured":"2023-02-04T15:27:48+00:00"},{"id":144,"license":1,"file_name":"ezgif-frame-044_jpg.rf.e355b0c77f08b4ac70dd9c796ba8b69e.jpg","height":416,"width":416,"date_captured":"2023-02-04T15:27:48+00:00"},{"id":145,"license":1,"file_name":"ezgif-frame-064_jpg.rf.e1830d989423f1881a6bdc3350a24673.jpg","height":416,"width":416,"date_captured":"2023-02-04T15:27:48+00:00"},{"id":146,"license":1,"file_name":"ezgif-frame-093_jpg.rf.e9fcb3403915c7c44925cd84a66dcebe.jpg","height":416,"width":416,"date_captured":"2023-02-04T15:27:48+00:00"},{"id":147,"license":1,"file_name":"ezgif-frame-092_jpg.rf.e2f5ee371dfbc783cebfc8b72a22afa0.jpg","height":416,"width":416,"date_captured":"2023-02-04T15:27:48+00:00"},{"id":148,"license":1,"file_name":"ezgif-frame-069_jpg.rf.ec44eeb43283ac70c810e87ce344b903.jpg","height":416,"width":416,"date_captured":"2023-02-04T15:27:48+00:00"},{"id":149,"license":1,"file_name":"ezgif-frame-061_jpg.rf.ed37397bbfa0929edf32085ee3de79ec.jpg","height":416,"width":416,"date_captured":"2023-02-04T15:27:48+00:00"},{"id":150,"license":1,"file_name":"ezgif-frame-058_jpg.rf.eeb8e281c5e9ed6d7069d2ec5d1e3ee7.jpg","height":416,"width":416,"date_captured":"2023-02-04T15:27:48+00:00"},{"id":151,"license":1,"file_name":"ezgif-frame-055_jpg.rf.f90d7ff1540d2f0332f8de61b9d53131.jpg","height":416,"width":416,"date_captured":"2023-02-04T15:27:48+00:00"},{"id":152,"license":1,"file_name":"ezgif-frame-071_jpg.rf.fb3d9c404dadf854945a5f6eec1b65a5.jpg","height":416,"width":416,"date_captured":"2023-02-04T15:27:48+00:00"},{"id":153,"license":1,"file_name":"ezgif-frame-035_jpg.rf.fe81116e0e7a9053b0628a3d70f58234.jpg","height":416,"width":416,"date_captured":"2023-02-04T15:27:48+00:00"},{"id":154,"license":1,"file_name":"ezgif-frame-095_jpg.rf.ff0b74fe2b13d36fa362a3078905f183.jpg","height":416,"width":416,"date_captured":"2023-02-04T15:27:48+00:00"}],"annotations":[{"id":0,"image_id":0,"category_id":4,"bbox":[149,261,41.5,87.5],"area":3631.25,"segmentation":[],"iscrowd":0},{"id":1,"image_id":0,"category_id":1,"bbox":[74,215,46.5,61],"area":2836.5,"segmentation":[],"iscrowd":0},{"id":2,"image_id":0,"category_id":1,"bbox":[48,206,43,50],"area":2150,"segmentation":[],"iscrowd":0},{"id":3,"image_id":0,"category_id":2,"bbox":[197,129,37,60],"area":2220,"segmentation":[],"iscrowd":0},{"id":4,"image_id":0,"category_id":2,"bbox":[141,22,146,272],"area":39712,"segmentation":[],"iscrowd":0},{"id":5,"image_id":1,"category_id":4,"bbox":[267,260,45.5,88.5],"area":4026.75,"segmentation":[],"iscrowd":0},{"id":6,"image_id":1,"category_id":5,"bbox":[0,82,174.5,268.5],"area":46853.25,"segmentation":[],"iscrowd":0},{"id":7,"image_id":2,"category_id":4,"bbox":[98,259,49.5,92],"area":4554,"segmentation":[],"iscrowd":0},{"id":8,"image_id":2,"category_id":5,"bbox":[240,68,176,296],"area":52096,"segmentation":[],"iscrowd":0},{"id":9,"image_id":3,"category_id":4,"bbox":[102,260,43,90.5],"area":3891.5,"segmentation":[],"iscrowd":0},{"id":10,"image_id":3,"category_id":5,"bbox":[255,100,161,256.5],"area":41296.5,"segmentation":[],"iscrowd":0},{"id":11,"image_id":3,"category_id":3,"bbox":[213,274,39,60.5],"area":2359.5,"segmentation":[],"iscrowd":0},{"id":12,"image_id":4,"category_id":2,"bbox":[138,21,143.5,282],"area":40467,"segmentation":[],"iscrowd":0},{"id":13,"image_id":4,"category_id":1,"bbox":[282,213,40.5,44],"area":1782,"segmentation":[],"iscrowd":0},{"id":14,"image_id":4,"category_id":1,"bbox":[250,225,43.5,37.5],"area":1631.25,"segmentation":[],"iscrowd":0},{"id":15,"image_id":4,"category_id":1,"bbox":[212,196,30,77.5],"area":2325,"segmentation":[],"iscrowd":0},{"id":16,"image_id":4,"category_id":4,"bbox":[120,266,46.5,80],"area":3720,"segmentation":[],"iscrowd":0},{"id":17,"image_id":5,"category_id":2,"bbox":[131,23,145.5,273.5],"area":39794.25,"segmentation":[],"iscrowd":0},{"id":18,"image_id":5,"category_id":1,"bbox":[284,218,48,42],"area":2016,"segmentation":[],"iscrowd":0},{"id":19,"image_id":5,"category_id":1,"bbox":[314,209,42,36],"area":1512,"segmentation":[],"iscrowd":0},{"id":20,"image_id":5,"category_id":1,"bbox":[194,144,35.5,62],"area":2201,"segmentation":[],"iscrowd":0},{"id":21,"image_id":5,"category_id":4,"bbox":[211,266,48,83.5],"area":4008,"segmentation":[],"iscrowd":0},{"id":22,"image_id":6,"category_id":1,"bbox":[169,116,43.5,60.5],"area":2631.75,"segmentation":[],"iscrowd":0},{"id":23,"image_id":6,"category_id":1,"bbox":[311,219,33.5,70.5],"area":2361.75,"segmentation":[],"iscrowd":0},{"id":24,"image_id":6,"category_id":1,"bbox":[340,206,33.5,64.5],"area":2160.75,"segmentation":[],"iscrowd":0},{"id":25,"image_id":6,"category_id":2,"bbox":[132,25,145.5,266.5],"area":38775.75,"segmentation":[],"iscrowd":0},{"id":26,"image_id":6,"category_id":4,"bbox":[237,263,43,89],"area":3827,"segmentation":[],"iscrowd":0},{"id":27,"image_id":7,"category_id":4,"bbox":[225,261,41.5,87.5],"area":3631.25,"segmentation":[],"iscrowd":0},{"id":28,"image_id":7,"category_id":1,"bbox":[296,215,46.5,61],"area":2836.5,"segmentation":[],"iscrowd":0},{"id":29,"image_id":7,"category_id":1,"bbox":[325,206,43,50],"area":2150,"segmentation":[],"iscrowd":0},{"id":30,"image_id":7,"category_id":2,"bbox":[183,129,37,60],"area":2220,"segmentation":[],"iscrowd":0},{"id":31,"image_id":7,"category_id":2,"bbox":[130,22,146,272],"area":39712,"segmentation":[],"iscrowd":0},{"id":32,"image_id":8,"category_id":4,"bbox":[100,261,48,87.5],"area":4200,"segmentation":[],"iscrowd":0},{"id":33,"image_id":8,"category_id":5,"bbox":[261,100,155,259],"area":40145,"segmentation":[],"iscrowd":0},{"id":34,"image_id":9,"category_id":2,"bbox":[133,21,151.5,294],"area":44541,"segmentation":[],"iscrowd":0},{"id":35,"image_id":9,"category_id":4,"bbox":[201,246,39,102.5],"area":3997.5,"segmentation":[],"iscrowd":0},{"id":36,"image_id":9,"category_id":1,"bbox":[257,138,35.5,70],"area":2485,"segmentation":[],"iscrowd":0},{"id":37,"image_id":9,"category_id":1,"bbox":[70,21,34,32],"area":1088,"segmentation":[],"iscrowd":0},{"id":38,"image_id":10,"category_id":2,"bbox":[124,22,144.5,294],"area":42483,"segmentation":[],"iscrowd":0},{"id":39,"image_id":10,"category_id":4,"bbox":[367,264,49,82],"area":4018,"segmentation":[],"iscrowd":0},{"id":40,"image_id":10,"category_id":1,"bbox":[238,285,43,39.5],"area":1698.5,"segmentation":[],"iscrowd":0},{"id":41,"image_id":10,"category_id":1,"bbox":[198,258,48,34],"area":1632,"segmentation":[],"iscrowd":0},{"id":42,"image_id":10,"category_id":1,"bbox":[175,246,37.5,31.5],"area":1181.25,"segmentation":[],"iscrowd":0},{"id":43,"image_id":11,"category_id":2,"bbox":[132,21,150,286.5],"area":42975,"segmentation":[],"iscrowd":0},{"id":44,"image_id":11,"category_id":4,"bbox":[177,247,41,102.5],"area":4202.5,"segmentation":[],"iscrowd":0},{"id":45,"image_id":12,"category_id":2,"bbox":[132,21,151.5,294],"area":44541,"segmentation":[],"iscrowd":0},{"id":46,"image_id":12,"category_id":4,"bbox":[177,246,39,102.5],"area":3997.5,"segmentation":[],"iscrowd":0},{"id":47,"image_id":12,"category_id":1,"bbox":[123,138,35.5,70],"area":2485,"segmentation":[],"iscrowd":0},{"id":48,"image_id":12,"category_id":1,"bbox":[312,21,34,32],"area":1088,"segmentation":[],"iscrowd":0},{"id":49,"image_id":13,"category_id":4,"bbox":[195,256,41.5,94],"area":3901,"segmentation":[],"iscrowd":0},{"id":50,"image_id":14,"category_id":2,"bbox":[139,24,145.5,281.5],"area":40958.25,"segmentation":[],"iscrowd":0},{"id":51,"image_id":14,"category_id":4,"bbox":[147,130,73,59.5],"area":4343.5,"segmentation":[],"iscrowd":0},{"id":52,"image_id":14,"category_id":1,"bbox":[90,241,35.5,76.5],"area":2715.75,"segmentation":[],"iscrowd":0},{"id":53,"image_id":14,"category_id":1,"bbox":[121,226,37,70],"area":2590,"segmentation":[],"iscrowd":0},{"id":54,"image_id":14,"category_id":1,"bbox":[147,229,37,52],"area":1924,"segmentation":[],"iscrowd":0},{"id":55,"image_id":15,"category_id":4,"bbox":[267,258,47.5,92.5],"area":4393.75,"segmentation":[],"iscrowd":0},{"id":56,"image_id":16,"category_id":3,"bbox":[319,273,42,66],"area":2772,"segmentation":[],"iscrowd":0},{"id":57,"image_id":16,"category_id":4,"bbox":[268,260,47.5,88.5],"area":4203.75,"segmentation":[],"iscrowd":0},{"id":58,"image_id":17,"category_id":2,"bbox":[133,21,151,279.5],"area":42204.5,"segmentation":[],"iscrowd":0},{"id":59,"image_id":17,"category_id":4,"bbox":[197,246,43,101.5],"area":4364.5,"segmentation":[],"iscrowd":0},{"id":60,"image_id":17,"category_id":1,"bbox":[328,18,18,18],"area":324,"segmentation":[],"iscrowd":0},{"id":61,"image_id":18,"category_id":2,"bbox":[123,24,148,289],"area":42772,"segmentation":[],"iscrowd":0},{"id":62,"image_id":18,"category_id":4,"bbox":[387,260,29,88],"area":2552,"segmentation":[],"iscrowd":0},{"id":63,"image_id":18,"category_id":6,"bbox":[239,272,49,72.5],"area":3552.5,"segmentation":[],"iscrowd":0},{"id":64,"image_id":18,"category_id":1,"bbox":[219,284,49.5,33],"area":1633.5,"segmentation":[],"iscrowd":0},{"id":65,"image_id":18,"category_id":1,"bbox":[181,256,52.5,33],"area":1732.5,"segmentation":[],"iscrowd":0},{"id":66,"image_id":18,"category_id":1,"bbox":[160,246,41.5,27],"area":1120.5,"segmentation":[],"iscrowd":0},{"id":67,"image_id":19,"category_id":2,"bbox":[145,22,147,287.5],"area":42262.5,"segmentation":[],"iscrowd":0},{"id":68,"image_id":19,"category_id":4,"bbox":[31,267,30,47],"area":1410,"segmentation":[],"iscrowd":0},{"id":69,"image_id":19,"category_id":1,"bbox":[124,282,43,42.5],"area":1827.5,"segmentation":[],"iscrowd":0},{"id":70,"image_id":19,"category_id":1,"bbox":[159,263,43.5,33.5],"area":1457.25,"segmentation":[],"iscrowd":0},{"id":71,"image_id":19,"category_id":1,"bbox":[187,249,42.5,35],"area":1487.5,"segmentation":[],"iscrowd":0},{"id":72,"image_id":20,"category_id":1,"bbox":[252,158,33,67],"area":2211,"segmentation":[],"iscrowd":0},{"id":73,"image_id":20,"category_id":1,"bbox":[79,26,34,57.5],"area":1955,"segmentation":[],"iscrowd":0},{"id":74,"image_id":20,"category_id":4,"bbox":[198,252,41.5,95],"area":3942.5,"segmentation":[],"iscrowd":0},{"id":75,"image_id":20,"category_id":2,"bbox":[133,23,148.5,275.5],"area":40911.75,"segmentation":[],"iscrowd":0},{"id":76,"image_id":21,"category_id":1,"bbox":[204,116,43.5,60.5],"area":2631.75,"segmentation":[],"iscrowd":0},{"id":77,"image_id":21,"category_id":1,"bbox":[71,219,33.5,70.5],"area":2361.75,"segmentation":[],"iscrowd":0},{"id":78,"image_id":21,"category_id":1,"bbox":[42,206,33.5,64.5],"area":2160.75,"segmentation":[],"iscrowd":0},{"id":79,"image_id":21,"category_id":2,"bbox":[138,25,145.5,266.5],"area":38775.75,"segmentation":[],"iscrowd":0},{"id":80,"image_id":21,"category_id":4,"bbox":[137,263,43,89],"area":3827,"segmentation":[],"iscrowd":0},{"id":81,"image_id":22,"category_id":2,"bbox":[141,23,143,280],"area":40040,"segmentation":[],"iscrowd":0},{"id":82,"image_id":22,"category_id":4,"bbox":[121,267,42.5,87.5],"area":3718.75,"segmentation":[],"iscrowd":0},{"id":83,"image_id":22,"category_id":6,"bbox":[172,174,46,75.5],"area":3473,"segmentation":[],"iscrowd":0},{"id":84,"image_id":22,"category_id":6,"bbox":[175,136,49.5,66],"area":3267,"segmentation":[],"iscrowd":0},{"id":85,"image_id":22,"category_id":6,"bbox":[188,108,35,36.5],"area":1277.5,"segmentation":[],"iscrowd":0},{"id":86,"image_id":22,"category_id":6,"bbox":[202,75,19,25],"area":475,"segmentation":[],"iscrowd":0},{"id":87,"image_id":22,"category_id":1,"bbox":[268,206,43,36],"area":1548,"segmentation":[],"iscrowd":0},{"id":88,"image_id":22,"category_id":1,"bbox":[240,186,45,42],"area":1890,"segmentation":[],"iscrowd":0},{"id":89,"image_id":22,"category_id":1,"bbox":[221,183,41,34],"area":1394,"segmentation":[],"iscrowd":0},{"id":90,"image_id":23,"category_id":4,"bbox":[317,262,51,90.5],"area":4615.5,"segmentation":[],"iscrowd":0},{"id":91,"image_id":23,"category_id":1,"bbox":[212,275,46.5,42],"area":1953,"segmentation":[],"iscrowd":0},{"id":92,"image_id":23,"category_id":1,"bbox":[260,192,31.5,65],"area":2047.5,"segmentation":[],"iscrowd":0},{"id":93,"image_id":23,"category_id":1,"bbox":[63,34,40,56],"area":2240,"segmentation":[],"iscrowd":0},{"id":94,"image_id":23,"category_id":2,"bbox":[127,22,149,284.5],"area":42390.5,"segmentation":[],"iscrowd":0},{"id":95,"image_id":24,"category_id":4,"bbox":[132,259,47,97],"area":4559,"segmentation":[],"iscrowd":0},{"id":96,"image_id":25,"category_id":4,"bbox":[176,255,43,92],"area":3956,"segmentation":[],"iscrowd":0},{"id":97,"image_id":25,"category_id":2,"bbox":[133,20,153,286.5],"area":43834.5,"segmentation":[],"iscrowd":0},{"id":98,"image_id":25,"category_id":1,"bbox":[80,37,36.5,68.5],"area":2500.25,"segmentation":[],"iscrowd":0},{"id":99,"image_id":26,"category_id":4,"bbox":[292,262,53.5,92],"area":4922,"segmentation":[],"iscrowd":0},{"id":100,"image_id":27,"category_id":4,"bbox":[71,262,53.5,92],"area":4922,"segmentation":[],"iscrowd":0},{"id":101,"image_id":28,"category_id":2,"bbox":[133,21,144,291.5],"area":41976,"segmentation":[],"iscrowd":0},{"id":102,"image_id":28,"category_id":4,"bbox":[188,203,29,57],"area":1653,"segmentation":[],"iscrowd":0},{"id":103,"image_id":28,"category_id":1,"bbox":[302,222,27,71.5],"area":1930.5,"segmentation":[],"iscrowd":0},{"id":104,"image_id":28,"category_id":1,"bbox":[273,208,26,69],"area":1794,"segmentation":[],"iscrowd":0},{"id":105,"image_id":28,"category_id":1,"bbox":[245,206,30.5,68.5],"area":2089.25,"segmentation":[],"iscrowd":0},{"id":106,"image_id":29,"category_id":2,"bbox":[124,22,147,287.5],"area":42262.5,"segmentation":[],"iscrowd":0},{"id":107,"image_id":29,"category_id":4,"bbox":[355,267,30,47],"area":1410,"segmentation":[],"iscrowd":0},{"id":108,"image_id":29,"category_id":1,"bbox":[249,282,43,42.5],"area":1827.5,"segmentation":[],"iscrowd":0},{"id":109,"image_id":29,"category_id":1,"bbox":[214,263,43.5,33.5],"area":1457.25,"segmentation":[],"iscrowd":0},{"id":110,"image_id":29,"category_id":1,"bbox":[187,249,42.5,35],"area":1487.5,"segmentation":[],"iscrowd":0},{"id":111,"image_id":30,"category_id":4,"bbox":[201,247,40.5,103.5],"area":4191.75,"segmentation":[],"iscrowd":0},{"id":112,"image_id":30,"category_id":2,"bbox":[136,21,145,280.5],"area":40672.5,"segmentation":[],"iscrowd":0},{"id":113,"image_id":31,"category_id":4,"bbox":[179,256,41.5,94],"area":3901,"segmentation":[],"iscrowd":0},{"id":114,"image_id":32,"category_id":2,"bbox":[135,22,144.5,282],"area":40749,"segmentation":[],"iscrowd":0},{"id":115,"image_id":32,"category_id":2,"bbox":[200,256,39,94],"area":3666,"segmentation":[],"iscrowd":0},{"id":116,"image_id":33,"category_id":1,"bbox":[212,178,22.5,74],"area":1665,"segmentation":[],"iscrowd":0},{"id":117,"image_id":33,"category_id":1,"bbox":[260,225,48,31.5],"area":1512,"segmentation":[],"iscrowd":0},{"id":118,"image_id":33,"category_id":1,"bbox":[287,209,45,31],"area":1395,"segmentation":[],"iscrowd":0},{"id":119,"image_id":33,"category_id":4,"bbox":[148,264,48.5,90],"area":4365,"segmentation":[],"iscrowd":0},{"id":120,"image_id":33,"category_id":2,"bbox":[135,21,145.5,280],"area":40740,"segmentation":[],"iscrowd":0},{"id":121,"image_id":34,"category_id":1,"bbox":[181,178,22.5,74],"area":1665,"segmentation":[],"iscrowd":0},{"id":122,"image_id":34,"category_id":1,"bbox":[109,225,48,31.5],"area":1512,"segmentation":[],"iscrowd":0},{"id":123,"image_id":34,"category_id":1,"bbox":[84,209,45,31],"area":1395,"segmentation":[],"iscrowd":0},{"id":124,"image_id":34,"category_id":4,"bbox":[219,264,48.5,90],"area":4365,"segmentation":[],"iscrowd":0},{"id":125,"image_id":34,"category_id":2,"bbox":[136,21,145.5,280],"area":40740,"segmentation":[],"iscrowd":0},{"id":126,"image_id":35,"category_id":1,"bbox":[233,102,46,51],"area":2346,"segmentation":[],"iscrowd":0},{"id":127,"image_id":35,"category_id":1,"bbox":[78,269,39.5,58],"area":2291,"segmentation":[],"iscrowd":0},{"id":128,"image_id":35,"category_id":1,"bbox":[47,252,35,55],"area":1925,"segmentation":[],"iscrowd":0},{"id":129,"image_id":35,"category_id":2,"bbox":[147,20,141,287],"area":40467,"segmentation":[],"iscrowd":0},{"id":130,"image_id":35,"category_id":4,"bbox":[82,159,30,58.5],"area":1755,"segmentation":[],"iscrowd":0},{"id":131,"image_id":36,"category_id":4,"bbox":[175,247,40.5,103.5],"area":4191.75,"segmentation":[],"iscrowd":0},{"id":132,"image_id":36,"category_id":2,"bbox":[135,21,145,280.5],"area":40672.5,"segmentation":[],"iscrowd":0},{"id":133,"image_id":37,"category_id":1,"bbox":[71,45,44,56.5],"area":2486,"segmentation":[],"iscrowd":0},{"id":134,"image_id":37,"category_id":1,"bbox":[221,279,50,41],"area":2050,"segmentation":[],"iscrowd":0},{"id":135,"image_id":37,"category_id":1,"bbox":[269,212,30,66],"area":1980,"segmentation":[],"iscrowd":0},{"id":136,"image_id":37,"category_id":2,"bbox":[127,23,145.5,282],"area":41031,"segmentation":[],"iscrowd":0},{"id":137,"image_id":37,"category_id":4,"bbox":[352,266,43,77.5],"area":3332.5,"segmentation":[],"iscrowd":0},{"id":138,"image_id":38,"category_id":4,"bbox":[175,260,42.5,86],"area":3655,"segmentation":[],"iscrowd":0},{"id":139,"image_id":38,"category_id":2,"bbox":[132,20,151,283.5],"area":42808.5,"segmentation":[],"iscrowd":0},{"id":140,"image_id":39,"category_id":1,"bbox":[270,105,36,70],"area":2520,"segmentation":[],"iscrowd":0},{"id":141,"image_id":39,"category_id":1,"bbox":[72,19,19,19],"area":361,"segmentation":[],"iscrowd":0},{"id":142,"image_id":39,"category_id":4,"bbox":[199,250,41,98],"area":4018,"segmentation":[],"iscrowd":0},{"id":143,"image_id":39,"category_id":2,"bbox":[135,22,146.5,282.5],"area":41386.25,"segmentation":[],"iscrowd":0},{"id":144,"image_id":40,"category_id":4,"bbox":[105,261,47,91],"area":4277,"segmentation":[],"iscrowd":0},{"id":145,"image_id":40,"category_id":1,"bbox":[122,110,26.5,66],"area":1749,"segmentation":[],"iscrowd":0},{"id":146,"image_id":40,"category_id":1,"bbox":[207,237,41.5,60.5],"area":2510.75,"segmentation":[],"iscrowd":0},{"id":147,"image_id":40,"category_id":2,"bbox":[137,21,147,278.5],"area":40939.5,"segmentation":[],"iscrowd":0},{"id":148,"image_id":41,"category_id":4,"bbox":[200,248,41,101.5],"area":4161.5,"segmentation":[],"iscrowd":0},{"id":149,"image_id":41,"category_id":2,"bbox":[136,21,143.5,274],"area":39319,"segmentation":[],"iscrowd":0},{"id":150,"image_id":42,"category_id":2,"bbox":[126,20,178.5,290.5],"area":51854.25,"segmentation":[],"iscrowd":0},{"id":151,"image_id":42,"category_id":1,"bbox":[282,65,42,56],"area":2352,"segmentation":[],"iscrowd":0},{"id":152,"image_id":42,"category_id":1,"bbox":[94,237,40,52.5],"area":2100,"segmentation":[],"iscrowd":0},{"id":153,"image_id":42,"category_id":1,"bbox":[122,282,49.5,37.5],"area":1856.25,"segmentation":[],"iscrowd":0},{"id":154,"image_id":42,"category_id":4,"bbox":[0,265,27,79.5],"area":2146.5,"segmentation":[],"iscrowd":0},{"id":155,"image_id":43,"category_id":2,"bbox":[125,27,145.5,280],"area":40740,"segmentation":[],"iscrowd":0},{"id":156,"image_id":43,"category_id":4,"bbox":[270,125,54,70.5],"area":3807,"segmentation":[],"iscrowd":0},{"id":157,"image_id":43,"category_id":6,"bbox":[178,22,51,83],"area":4233,"segmentation":[],"iscrowd":0},{"id":158,"image_id":43,"category_id":1,"bbox":[279,267,38,60.5],"area":2299,"segmentation":[],"iscrowd":0},{"id":159,"image_id":43,"category_id":1,"bbox":[245,246,41.5,58.5],"area":2427.75,"segmentation":[],"iscrowd":0},{"id":160,"image_id":43,"category_id":1,"bbox":[217,246,42,41.5],"area":1743,"segmentation":[],"iscrowd":0},{"id":161,"image_id":44,"category_id":2,"bbox":[137,19,146.5,280],"area":41020,"segmentation":[],"iscrowd":0},{"id":162,"image_id":44,"category_id":4,"bbox":[195,269,40,79],"area":3160,"segmentation":[],"iscrowd":0},{"id":163,"image_id":44,"category_id":1,"bbox":[72,209,44,33.5],"area":1474,"segmentation":[],"iscrowd":0},{"id":164,"image_id":44,"category_id":1,"bbox":[99,223,45,32],"area":1440,"segmentation":[],"iscrowd":0},{"id":165,"image_id":44,"category_id":1,"bbox":[180,158,32,72],"area":2304,"segmentation":[],"iscrowd":0},{"id":166,"image_id":45,"category_id":4,"bbox":[366,235,31,60.5],"area":1875.5,"segmentation":[],"iscrowd":0},{"id":167,"image_id":45,"category_id":1,"bbox":[305,260,41.5,44.5],"area":1846.75,"segmentation":[],"iscrowd":0},{"id":168,"image_id":45,"category_id":1,"bbox":[269,286,49,37],"area":1813,"segmentation":[],"iscrowd":0},{"id":169,"image_id":45,"category_id":1,"bbox":[111,86,46.5,54.5],"area":2534.25,"segmentation":[],"iscrowd":0},{"id":170,"image_id":45,"category_id":2,"bbox":[121,21,147,280.5],"area":41233.5,"segmentation":[],"iscrowd":0},{"id":171,"image_id":46,"category_id":4,"bbox":[196,270,39.5,83.5],"area":3298.25,"segmentation":[],"iscrowd":0},{"id":172,"image_id":47,"category_id":2,"bbox":[135,21,145,279.5],"area":40527.5,"segmentation":[],"iscrowd":0},{"id":173,"image_id":47,"category_id":4,"bbox":[176,249,40,98],"area":3920,"segmentation":[],"iscrowd":0},{"id":174,"image_id":47,"category_id":1,"bbox":[294,40,32,62],"area":1984,"segmentation":[],"iscrowd":0},{"id":175,"image_id":47,"category_id":1,"bbox":[139,171,33,71],"area":2343,"segmentation":[],"iscrowd":0},{"id":176,"image_id":48,"category_id":2,"bbox":[132,22,148.5,278],"area":41283,"segmentation":[],"iscrowd":0},{"id":177,"image_id":48,"category_id":4,"bbox":[200,244,39,104],"area":4056,"segmentation":[],"iscrowd":0},{"id":178,"image_id":49,"category_id":2,"bbox":[133,21,142.5,281.5],"area":40113.75,"segmentation":[],"iscrowd":0},{"id":179,"image_id":49,"category_id":4,"bbox":[276,262,47.5,90],"area":4275,"segmentation":[],"iscrowd":0},{"id":180,"image_id":49,"category_id":6,"bbox":[201,247,50.5,78],"area":3939,"segmentation":[],"iscrowd":0},{"id":181,"image_id":49,"category_id":6,"bbox":[199,211,49,57.5],"area":2817.5,"segmentation":[],"iscrowd":0},{"id":182,"image_id":49,"category_id":6,"bbox":[192,164,49.5,71.5],"area":3539.25,"segmentation":[],"iscrowd":0},{"id":183,"image_id":49,"category_id":6,"bbox":[191,125,45.5,62],"area":2821,"segmentation":[],"iscrowd":0},{"id":184,"image_id":49,"category_id":6,"bbox":[194,97,25.5,34],"area":867,"segmentation":[],"iscrowd":0},{"id":185,"image_id":49,"category_id":1,"bbox":[114,203,44.5,40.5],"area":1802.25,"segmentation":[],"iscrowd":0},{"id":186,"image_id":49,"category_id":1,"bbox":[141,189,44.5,37.5],"area":1668.75,"segmentation":[],"iscrowd":0},{"id":187,"image_id":49,"category_id":1,"bbox":[165,186,41.5,38],"area":1577,"segmentation":[],"iscrowd":0},{"id":188,"image_id":50,"category_id":4,"bbox":[176,250,40.5,97.5],"area":3948.75,"segmentation":[],"iscrowd":0},{"id":189,"image_id":50,"category_id":2,"bbox":[129,23,153,279.5],"area":42763.5,"segmentation":[],"iscrowd":0},{"id":190,"image_id":50,"category_id":1,"bbox":[68,17,26.5,38],"area":1007,"segmentation":[],"iscrowd":0},{"id":191,"image_id":51,"category_id":2,"bbox":[124,21,143,288],"area":41184,"segmentation":[],"iscrowd":0},{"id":192,"image_id":51,"category_id":1,"bbox":[103,73,42.5,58],"area":2465,"segmentation":[],"iscrowd":0},{"id":193,"image_id":51,"category_id":1,"bbox":[256,286,48,37.5],"area":1800,"segmentation":[],"iscrowd":0},{"id":194,"image_id":51,"category_id":1,"bbox":[293,253,41.5,47],"area":1950.5,"segmentation":[],"iscrowd":0},{"id":195,"image_id":51,"category_id":4,"bbox":[374,266,42,77.5],"area":3255,"segmentation":[],"iscrowd":0},{"id":196,"image_id":52,"category_id":4,"bbox":[269,259,46.5,90.5],"area":4208.25,"segmentation":[],"iscrowd":0},{"id":197,"image_id":53,"category_id":2,"bbox":[123,20,150.5,290],"area":43645,"segmentation":[],"iscrowd":0},{"id":198,"image_id":53,"category_id":4,"bbox":[322,156,36,56.5],"area":2034,"segmentation":[],"iscrowd":0},{"id":199,"image_id":53,"category_id":1,"bbox":[262,287,42,39.5],"area":1659,"segmentation":[],"iscrowd":0},{"id":200,"image_id":53,"category_id":1,"bbox":[225,261,48,39],"area":1872,"segmentation":[],"iscrowd":0},{"id":201,"image_id":53,"category_id":1,"bbox":[203,248,39,36],"area":1404,"segmentation":[],"iscrowd":0},{"id":202,"image_id":54,"category_id":2,"bbox":[132,19,146.5,280],"area":41020,"segmentation":[],"iscrowd":0},{"id":203,"image_id":54,"category_id":4,"bbox":[182,269,40,79],"area":3160,"segmentation":[],"iscrowd":0},{"id":204,"image_id":54,"category_id":1,"bbox":[300,209,44,33.5],"area":1474,"segmentation":[],"iscrowd":0},{"id":205,"image_id":54,"category_id":1,"bbox":[273,223,45,32],"area":1440,"segmentation":[],"iscrowd":0},{"id":206,"image_id":54,"category_id":1,"bbox":[204,158,32,72],"area":2304,"segmentation":[],"iscrowd":0},{"id":207,"image_id":55,"category_id":4,"bbox":[102,262,47,84.5],"area":3971.5,"segmentation":[],"iscrowd":0},{"id":208,"image_id":55,"category_id":5,"bbox":[240,87,176,263],"area":46288,"segmentation":[],"iscrowd":0},{"id":209,"image_id":56,"category_id":4,"bbox":[268,262,47,84.5],"area":3971.5,"segmentation":[],"iscrowd":0},{"id":210,"image_id":56,"category_id":5,"bbox":[0,87,176,263],"area":46288,"segmentation":[],"iscrowd":0},{"id":211,"image_id":57,"category_id":4,"bbox":[103,260,45.5,88.5],"area":4026.75,"segmentation":[],"iscrowd":0},{"id":212,"image_id":57,"category_id":5,"bbox":[241,82,174.5,268.5],"area":46853.25,"segmentation":[],"iscrowd":0},{"id":213,"image_id":58,"category_id":4,"bbox":[201,250,40,97.5],"area":3900,"segmentation":[],"iscrowd":0},{"id":214,"image_id":58,"category_id":2,"bbox":[133,22,146.5,283.5],"area":41532.75,"segmentation":[],"iscrowd":0},{"id":215,"image_id":58,"category_id":1,"bbox":[279,89,33.5,68.5],"area":2294.75,"segmentation":[],"iscrowd":0},{"id":216,"image_id":59,"category_id":2,"bbox":[132,21,151,279.5],"area":42204.5,"segmentation":[],"iscrowd":0},{"id":217,"image_id":59,"category_id":4,"bbox":[176,246,43,101.5],"area":4364.5,"segmentation":[],"iscrowd":0},{"id":218,"image_id":59,"category_id":1,"bbox":[70,18,18,18],"area":324,"segmentation":[],"iscrowd":0},{"id":219,"image_id":60,"category_id":4,"bbox":[268,259,48,89.5],"area":4296,"segmentation":[],"iscrowd":0},{"id":220,"image_id":61,"category_id":1,"bbox":[132,158,33,67],"area":2211,"segmentation":[],"iscrowd":0},{"id":221,"image_id":61,"category_id":1,"bbox":[304,26,34,57.5],"area":1955,"segmentation":[],"iscrowd":0},{"id":222,"image_id":61,"category_id":4,"bbox":[177,252,41.5,95],"area":3942.5,"segmentation":[],"iscrowd":0},{"id":223,"image_id":61,"category_id":2,"bbox":[135,23,148.5,275.5],"area":40911.75,"segmentation":[],"iscrowd":0},{"id":224,"image_id":62,"category_id":4,"bbox":[106,140,33.5,57],"area":1909.5,"segmentation":[],"iscrowd":0},{"id":225,"image_id":62,"category_id":3,"bbox":[133,270,40,66],"area":2640,"segmentation":[],"iscrowd":0},{"id":226,"image_id":62,"category_id":5,"bbox":[241,75,175,274],"area":47950,"segmentation":[],"iscrowd":0},{"id":227,"image_id":63,"category_id":4,"bbox":[198,245,43.5,105],"area":4567.5,"segmentation":[],"iscrowd":0},{"id":228,"image_id":64,"category_id":3,"bbox":[55,273,42,66],"area":2772,"segmentation":[],"iscrowd":0},{"id":229,"image_id":64,"category_id":4,"bbox":[100,260,47.5,88.5],"area":4203.75,"segmentation":[],"iscrowd":0},{"id":230,"image_id":65,"category_id":2,"bbox":[104,19,202.5,280],"area":56700,"segmentation":[],"iscrowd":0},{"id":231,"image_id":65,"category_id":4,"bbox":[309,264,48,87],"area":4176,"segmentation":[],"iscrowd":0},{"id":232,"image_id":65,"category_id":6,"bbox":[200,277,54.5,74.5],"area":4060.25,"segmentation":[],"iscrowd":0},{"id":233,"image_id":65,"category_id":6,"bbox":[196,231,53,69],"area":3657,"segmentation":[],"iscrowd":0},{"id":234,"image_id":65,"category_id":6,"bbox":[191,194,52.5,67.5],"area":3543.75,"segmentation":[],"iscrowd":0},{"id":235,"image_id":65,"category_id":6,"bbox":[185,148,54,72],"area":3888,"segmentation":[],"iscrowd":0},{"id":236,"image_id":65,"category_id":1,"bbox":[129,202,42,46],"area":1932,"segmentation":[],"iscrowd":0},{"id":237,"image_id":65,"category_id":1,"bbox":[156,189,41,44],"area":1804,"segmentation":[],"iscrowd":0},{"id":238,"image_id":65,"category_id":1,"bbox":[181,185,36,45.5],"area":1638,"segmentation":[],"iscrowd":0},{"id":239,"image_id":66,"category_id":2,"bbox":[135,22,148.5,278],"area":41283,"segmentation":[],"iscrowd":0},{"id":240,"image_id":66,"category_id":4,"bbox":[177,244,39,104],"area":4056,"segmentation":[],"iscrowd":0},{"id":241,"image_id":67,"category_id":1,"bbox":[301,45,44,56.5],"area":2486,"segmentation":[],"iscrowd":0},{"id":242,"image_id":67,"category_id":1,"bbox":[146,279,50,41],"area":2050,"segmentation":[],"iscrowd":0},{"id":243,"image_id":67,"category_id":1,"bbox":[117,212,30,66],"area":1980,"segmentation":[],"iscrowd":0},{"id":244,"image_id":67,"category_id":2,"bbox":[144,23,145.5,282],"area":41031,"segmentation":[],"iscrowd":0},{"id":245,"image_id":67,"category_id":4,"bbox":[22,266,43,77.5],"area":3332.5,"segmentation":[],"iscrowd":0},{"id":246,"image_id":68,"category_id":3,"bbox":[360,268,39.5,66.5],"area":2626.75,"segmentation":[],"iscrowd":0},{"id":247,"image_id":68,"category_id":4,"bbox":[269,258,46.5,90],"area":4185,"segmentation":[],"iscrowd":0},{"id":248,"image_id":69,"category_id":4,"bbox":[209,267,45.5,87.5],"area":3981.25,"segmentation":[],"iscrowd":0},{"id":249,"image_id":70,"category_id":4,"bbox":[101,259,44.5,91],"area":4049.5,"segmentation":[],"iscrowd":0},{"id":250,"image_id":71,"category_id":2,"bbox":[138,22,144,289.5],"area":41688,"segmentation":[],"iscrowd":0},{"id":251,"image_id":71,"category_id":4,"bbox":[164,258,40.5,94.5],"area":3827.25,"segmentation":[],"iscrowd":0},{"id":252,"image_id":71,"category_id":1,"bbox":[296,211,32,66],"area":2112,"segmentation":[],"iscrowd":0},{"id":253,"image_id":71,"category_id":1,"bbox":[249,189,29,63.5],"area":1841.5,"segmentation":[],"iscrowd":0},{"id":254,"image_id":71,"category_id":1,"bbox":[269,191,31,70],"area":2170,"segmentation":[],"iscrowd":0},{"id":255,"image_id":72,"category_id":4,"bbox":[167,266,48,83.5],"area":4008,"segmentation":[],"iscrowd":0},{"id":256,"image_id":72,"category_id":1,"bbox":[226,207,37,70.5],"area":2608.5,"segmentation":[],"iscrowd":0},{"id":257,"image_id":72,"category_id":1,"bbox":[102,74,37,64],"area":2368,"segmentation":[],"iscrowd":0},{"id":258,"image_id":72,"category_id":2,"bbox":[135,21,152,288],"area":43776,"segmentation":[],"iscrowd":0},{"id":259,"image_id":73,"category_id":2,"bbox":[135,22,144,289.5],"area":41688,"segmentation":[],"iscrowd":0},{"id":260,"image_id":73,"category_id":4,"bbox":[212,258,40.5,94.5],"area":3827.25,"segmentation":[],"iscrowd":0},{"id":261,"image_id":73,"category_id":1,"bbox":[88,211,32,66],"area":2112,"segmentation":[],"iscrowd":0},{"id":262,"image_id":73,"category_id":1,"bbox":[139,189,29,63.5],"area":1841.5,"segmentation":[],"iscrowd":0},{"id":263,"image_id":73,"category_id":1,"bbox":[117,191,31,70],"area":2170,"segmentation":[],"iscrowd":0},{"id":264,"image_id":74,"category_id":1,"bbox":[234,196,34.5,65.5],"area":2259.75,"segmentation":[],"iscrowd":0},{"id":265,"image_id":74,"category_id":1,"bbox":[95,63,35,58.5],"area":2047.5,"segmentation":[],"iscrowd":0},{"id":266,"image_id":74,"category_id":4,"bbox":[197,253,41.5,93.5],"area":3880.25,"segmentation":[],"iscrowd":0},{"id":267,"image_id":74,"category_id":2,"bbox":[134,21,145,285.5],"area":41397.5,"segmentation":[],"iscrowd":0},{"id":268,"image_id":75,"category_id":4,"bbox":[176,250,40,97.5],"area":3900,"segmentation":[],"iscrowd":0},{"id":269,"image_id":75,"category_id":2,"bbox":[136,22,146.5,283.5],"area":41532.75,"segmentation":[],"iscrowd":0},{"id":270,"image_id":75,"category_id":1,"bbox":[103,89,33.5,68.5],"area":2294.75,"segmentation":[],"iscrowd":0},{"id":271,"image_id":76,"category_id":1,"bbox":[316,17,30,57],"area":1710,"segmentation":[],"iscrowd":0},{"id":272,"image_id":76,"category_id":4,"bbox":[199,249,41.5,100],"area":4150,"segmentation":[],"iscrowd":0},{"id":273,"image_id":76,"category_id":2,"bbox":[134,21,149.5,277],"area":41411.5,"segmentation":[],"iscrowd":0},{"id":274,"image_id":77,"category_id":2,"bbox":[135,21,143.5,282],"area":40467,"segmentation":[],"iscrowd":0},{"id":275,"image_id":77,"category_id":1,"bbox":[93,213,40.5,44],"area":1782,"segmentation":[],"iscrowd":0},{"id":276,"image_id":77,"category_id":1,"bbox":[122,225,43.5,37.5],"area":1631.25,"segmentation":[],"iscrowd":0},{"id":277,"image_id":77,"category_id":1,"bbox":[175,196,30,77.5],"area":2325,"segmentation":[],"iscrowd":0},{"id":278,"image_id":77,"category_id":4,"bbox":[249,266,46.5,80],"area":3720,"segmentation":[],"iscrowd":0},{"id":279,"image_id":78,"category_id":2,"bbox":[140,23,145.5,273.5],"area":39794.25,"segmentation":[],"iscrowd":0},{"id":280,"image_id":78,"category_id":1,"bbox":[85,218,48,42],"area":2016,"segmentation":[],"iscrowd":0},{"id":281,"image_id":78,"category_id":1,"bbox":[61,209,42,36],"area":1512,"segmentation":[],"iscrowd":0},{"id":282,"image_id":78,"category_id":1,"bbox":[186,144,35.5,62],"area":2201,"segmentation":[],"iscrowd":0},{"id":283,"image_id":78,"category_id":4,"bbox":[157,266,48,83.5],"area":4008,"segmentation":[],"iscrowd":0},{"id":284,"image_id":79,"category_id":4,"bbox":[199,246,41.5,105],"area":4357.5,"segmentation":[],"iscrowd":0},{"id":285,"image_id":79,"category_id":2,"bbox":[98,21,177.5,279],"area":49522.5,"segmentation":[],"iscrowd":0},{"id":286,"image_id":80,"category_id":4,"bbox":[163,269,37,86.5],"area":3200.5,"segmentation":[],"iscrowd":0},{"id":287,"image_id":81,"category_id":4,"bbox":[267,262,47,87.5],"area":4112.5,"segmentation":[],"iscrowd":0},{"id":288,"image_id":82,"category_id":6,"bbox":[129,264,46,66],"area":3036,"segmentation":[],"iscrowd":0},{"id":289,"image_id":82,"category_id":6,"bbox":[119,284,54,72],"area":3888,"segmentation":[],"iscrowd":0},{"id":290,"image_id":82,"category_id":6,"bbox":[139,224,49.5,63],"area":3118.5,"segmentation":[],"iscrowd":0},{"id":291,"image_id":82,"category_id":6,"bbox":[151,180,46,68.5],"area":3151,"segmentation":[],"iscrowd":0},{"id":292,"image_id":82,"category_id":6,"bbox":[161,144,48,63],"area":3024,"segmentation":[],"iscrowd":0},{"id":293,"image_id":82,"category_id":4,"bbox":[23,267,40.5,78.5],"area":3179.25,"segmentation":[],"iscrowd":0},{"id":294,"image_id":82,"category_id":1,"bbox":[234,235,41,32.5],"area":1332.5,"segmentation":[],"iscrowd":0},{"id":295,"image_id":82,"category_id":1,"bbox":[207,249,42.5,32],"area":1360,"segmentation":[],"iscrowd":0},{"id":296,"image_id":82,"category_id":1,"bbox":[172,272,43,33.5],"area":1440.5,"segmentation":[],"iscrowd":0},{"id":297,"image_id":82,"category_id":2,"bbox":[144,20,143,290.5],"area":41541.5,"segmentation":[],"iscrowd":0},{"id":298,"image_id":83,"category_id":2,"bbox":[109,19,202.5,280],"area":56700,"segmentation":[],"iscrowd":0},{"id":299,"image_id":83,"category_id":4,"bbox":[59,264,48,87],"area":4176,"segmentation":[],"iscrowd":0},{"id":300,"image_id":83,"category_id":6,"bbox":[162,277,54.5,74.5],"area":4060.25,"segmentation":[],"iscrowd":0},{"id":301,"image_id":83,"category_id":6,"bbox":[167,231,53,69],"area":3657,"segmentation":[],"iscrowd":0},{"id":302,"image_id":83,"category_id":6,"bbox":[173,194,52.5,67.5],"area":3543.75,"segmentation":[],"iscrowd":0},{"id":303,"image_id":83,"category_id":6,"bbox":[177,148,54,72],"area":3888,"segmentation":[],"iscrowd":0},{"id":304,"image_id":83,"category_id":1,"bbox":[246,202,42,46],"area":1932,"segmentation":[],"iscrowd":0},{"id":305,"image_id":83,"category_id":1,"bbox":[219,189,41,44],"area":1804,"segmentation":[],"iscrowd":0},{"id":306,"image_id":83,"category_id":1,"bbox":[200,185,36,45.5],"area":1638,"segmentation":[],"iscrowd":0},{"id":307,"image_id":84,"category_id":1,"bbox":[70,17,30,57],"area":1710,"segmentation":[],"iscrowd":0},{"id":308,"image_id":84,"category_id":4,"bbox":[176,249,41.5,100],"area":4150,"segmentation":[],"iscrowd":0},{"id":309,"image_id":84,"category_id":2,"bbox":[133,21,149.5,277],"area":41411.5,"segmentation":[],"iscrowd":0},{"id":310,"image_id":85,"category_id":4,"bbox":[175,245,43.5,108],"area":4698,"segmentation":[],"iscrowd":0},{"id":311,"image_id":86,"category_id":4,"bbox":[271,260,43,90.5],"area":3891.5,"segmentation":[],"iscrowd":0},{"id":312,"image_id":86,"category_id":5,"bbox":[0,100,161,256.5],"area":41296.5,"segmentation":[],"iscrowd":0},{"id":313,"image_id":86,"category_id":3,"bbox":[164,274,39,60.5],"area":2359.5,"segmentation":[],"iscrowd":0},{"id":314,"image_id":87,"category_id":2,"bbox":[135,22,154,292.5],"area":45045,"segmentation":[],"iscrowd":0},{"id":315,"image_id":87,"category_id":1,"bbox":[111,90,35,65.5],"area":2292.5,"segmentation":[],"iscrowd":0},{"id":316,"image_id":87,"category_id":1,"bbox":[217,222,40.5,65],"area":2632.5,"segmentation":[],"iscrowd":0},{"id":317,"image_id":87,"category_id":4,"bbox":[134,263,42,87],"area":3654,"segmentation":[],"iscrowd":0},{"id":318,"image_id":88,"category_id":1,"bbox":[87,52,36,73],"area":2628,"segmentation":[],"iscrowd":0},{"id":319,"image_id":88,"category_id":4,"bbox":[177,252,39,96.5],"area":3763.5,"segmentation":[],"iscrowd":0},{"id":320,"image_id":88,"category_id":2,"bbox":[133,22,149.5,288],"area":43056,"segmentation":[],"iscrowd":0},{"id":321,"image_id":89,"category_id":4,"bbox":[102,258,47.5,92.5],"area":4393.75,"segmentation":[],"iscrowd":0},{"id":322,"image_id":90,"category_id":4,"bbox":[275,259,39.5,90.5],"area":3574.75,"segmentation":[],"iscrowd":0},{"id":323,"image_id":90,"category_id":5,"bbox":[0,89,180.267,273],"area":49212.851,"segmentation":[[0,361.593,180.267,361.593,180.267,88.593,0,88.593,0,361.593]],"iscrowd":0},{"id":324,"image_id":91,"category_id":1,"bbox":[285,70,35.5,74],"area":2627,"segmentation":[],"iscrowd":0},{"id":325,"image_id":91,"category_id":2,"bbox":[133,22,150,280],"area":42000,"segmentation":[],"iscrowd":0},{"id":326,"image_id":91,"category_id":4,"bbox":[200,248,39,98],"area":3822,"segmentation":[],"iscrowd":0},{"id":327,"image_id":92,"category_id":1,"bbox":[52,17,42,62.5],"area":2625,"segmentation":[],"iscrowd":0},{"id":328,"image_id":92,"category_id":1,"bbox":[200,263,44.5,49],"area":2180.5,"segmentation":[],"iscrowd":0},{"id":329,"image_id":92,"category_id":1,"bbox":[261,173,28,69],"area":1932,"segmentation":[],"iscrowd":0},{"id":330,"image_id":92,"category_id":2,"bbox":[121,18,155.5,293.5],"area":45639.25,"segmentation":[],"iscrowd":0},{"id":331,"image_id":92,"category_id":4,"bbox":[299,257,37.5,91.5],"area":3431.25,"segmentation":[],"iscrowd":0},{"id":332,"image_id":93,"category_id":4,"bbox":[387,269,29,75.5],"area":2189.5,"segmentation":[],"iscrowd":0},{"id":333,"image_id":93,"category_id":1,"bbox":[234,281,49.5,37],"area":1831.5,"segmentation":[],"iscrowd":0},{"id":334,"image_id":93,"category_id":1,"bbox":[276,228,34,57.5],"area":1955,"segmentation":[],"iscrowd":0},{"id":335,"image_id":93,"category_id":1,"bbox":[82,60,39.5,50.5],"area":1994.75,"segmentation":[],"iscrowd":0},{"id":336,"image_id":93,"category_id":2,"bbox":[115,21,168.5,285],"area":48022.5,"segmentation":[],"iscrowd":0},{"id":337,"image_id":94,"category_id":2,"bbox":[147,22,144.5,294],"area":42483,"segmentation":[],"iscrowd":0},{"id":338,"image_id":94,"category_id":4,"bbox":[0,264,49,82],"area":4018,"segmentation":[],"iscrowd":0},{"id":339,"image_id":94,"category_id":1,"bbox":[136,285,43,39.5],"area":1698.5,"segmentation":[],"iscrowd":0},{"id":340,"image_id":94,"category_id":1,"bbox":[170,258,48,34],"area":1632,"segmentation":[],"iscrowd":0},{"id":341,"image_id":94,"category_id":1,"bbox":[203,246,37.5,31.5],"area":1181.25,"segmentation":[],"iscrowd":0},{"id":342,"image_id":95,"category_id":4,"bbox":[162,267,45.5,87.5],"area":3981.25,"segmentation":[],"iscrowd":0},{"id":343,"image_id":96,"category_id":4,"bbox":[99,261,40,91],"area":3640,"segmentation":[],"iscrowd":0},{"id":344,"image_id":97,"category_id":2,"bbox":[131,24,145.5,281.5],"area":40958.25,"segmentation":[],"iscrowd":0},{"id":345,"image_id":97,"category_id":4,"bbox":[196,130,73,59.5],"area":4343.5,"segmentation":[],"iscrowd":0},{"id":346,"image_id":97,"category_id":1,"bbox":[291,241,35.5,76.5],"area":2715.75,"segmentation":[],"iscrowd":0},{"id":347,"image_id":97,"category_id":1,"bbox":[259,226,37,70],"area":2590,"segmentation":[],"iscrowd":0},{"id":348,"image_id":97,"category_id":1,"bbox":[232,229,37,52],"area":1924,"segmentation":[],"iscrowd":0},{"id":349,"image_id":98,"category_id":2,"bbox":[148,21,143.5,277.5],"area":39821.25,"segmentation":[],"iscrowd":0},{"id":350,"image_id":98,"category_id":4,"bbox":[53,142,32.5,62.5],"area":2031.25,"segmentation":[],"iscrowd":0},{"id":351,"image_id":98,"category_id":1,"bbox":[55,267,39,37.5],"area":1462.5,"segmentation":[],"iscrowd":0},{"id":352,"image_id":98,"category_id":1,"bbox":[89,285,42.5,43],"area":1827.5,"segmentation":[],"iscrowd":0},{"id":353,"image_id":98,"category_id":1,"bbox":[245,94,45,52],"area":2340,"segmentation":[],"iscrowd":0},{"id":354,"image_id":99,"category_id":2,"bbox":[146,24,148,289],"area":42772,"segmentation":[],"iscrowd":0},{"id":355,"image_id":99,"category_id":4,"bbox":[0,260,29,88],"area":2552,"segmentation":[],"iscrowd":0},{"id":356,"image_id":99,"category_id":6,"bbox":[129,272,49,72.5],"area":3552.5,"segmentation":[],"iscrowd":0},{"id":357,"image_id":99,"category_id":1,"bbox":[147,284,49.5,33],"area":1633.5,"segmentation":[],"iscrowd":0},{"id":358,"image_id":99,"category_id":1,"bbox":[182,256,52.5,33],"area":1732.5,"segmentation":[],"iscrowd":0},{"id":359,"image_id":99,"category_id":1,"bbox":[215,246,41.5,27],"area":1120.5,"segmentation":[],"iscrowd":0},{"id":360,"image_id":100,"category_id":4,"bbox":[269,259,49.5,92],"area":4554,"segmentation":[],"iscrowd":0},{"id":361,"image_id":100,"category_id":5,"bbox":[0,68,176,296],"area":52096,"segmentation":[],"iscrowd":0},{"id":362,"image_id":101,"category_id":1,"bbox":[147,196,34.5,65.5],"area":2259.75,"segmentation":[],"iscrowd":0},{"id":363,"image_id":101,"category_id":1,"bbox":[287,63,35,58.5],"area":2047.5,"segmentation":[],"iscrowd":0},{"id":364,"image_id":101,"category_id":4,"bbox":[177,253,41.5,93.5],"area":3880.25,"segmentation":[],"iscrowd":0},{"id":365,"image_id":101,"category_id":2,"bbox":[137,21,145,285.5],"area":41397.5,"segmentation":[],"iscrowd":0},{"id":366,"image_id":102,"category_id":6,"bbox":[152,160,50,88],"area":4400,"segmentation":[],"iscrowd":0},{"id":367,"image_id":102,"category_id":6,"bbox":[159,126,52,72.5],"area":3770,"segmentation":[],"iscrowd":0},{"id":368,"image_id":102,"category_id":6,"bbox":[177,99,34,42.5],"area":1445,"segmentation":[],"iscrowd":0},{"id":369,"image_id":102,"category_id":6,"bbox":[196,70,16,28],"area":448,"segmentation":[],"iscrowd":0},{"id":370,"image_id":102,"category_id":4,"bbox":[82,266,43.5,84.5],"area":3675.75,"segmentation":[],"iscrowd":0},{"id":371,"image_id":102,"category_id":1,"bbox":[194,238,34,55.5],"area":1887,"segmentation":[],"iscrowd":0},{"id":372,"image_id":102,"category_id":1,"bbox":[227,237,45.5,42],"area":1911,"segmentation":[],"iscrowd":0},{"id":373,"image_id":102,"category_id":1,"bbox":[258,222,40.5,37.5],"area":1518.75,"segmentation":[],"iscrowd":0},{"id":374,"image_id":102,"category_id":2,"bbox":[140,23,145,274.5],"area":39802.5,"segmentation":[],"iscrowd":0},{"id":375,"image_id":103,"category_id":4,"bbox":[198,255,43,92],"area":3956,"segmentation":[],"iscrowd":0},{"id":376,"image_id":103,"category_id":2,"bbox":[131,20,153,286.5],"area":43834.5,"segmentation":[],"iscrowd":0},{"id":377,"image_id":103,"category_id":1,"bbox":[300,37,36.5,68.5],"area":2500.25,"segmentation":[],"iscrowd":0},{"id":378,"image_id":104,"category_id":2,"bbox":[129,22,140.5,280],"area":39340,"segmentation":[],"iscrowd":0},{"id":379,"image_id":104,"category_id":4,"bbox":[264,266,51,81.5],"area":4156.5,"segmentation":[],"iscrowd":0},{"id":380,"image_id":104,"category_id":1,"bbox":[347,218,22.5,76.5],"area":1721.25,"segmentation":[],"iscrowd":0},{"id":381,"image_id":104,"category_id":1,"bbox":[316,237,26.5,78],"area":2067,"segmentation":[],"iscrowd":0},{"id":382,"image_id":104,"category_id":1,"bbox":[156,108,43.5,50],"area":2175,"segmentation":[],"iscrowd":0},{"id":383,"image_id":105,"category_id":4,"bbox":[20,235,31,60.5],"area":1875.5,"segmentation":[],"iscrowd":0},{"id":384,"image_id":105,"category_id":1,"bbox":[70,260,41.5,44.5],"area":1846.75,"segmentation":[],"iscrowd":0},{"id":385,"image_id":105,"category_id":1,"bbox":[99,286,49,37],"area":1813,"segmentation":[],"iscrowd":0},{"id":386,"image_id":105,"category_id":1,"bbox":[258,86,46.5,54.5],"area":2534.25,"segmentation":[],"iscrowd":0},{"id":387,"image_id":105,"category_id":2,"bbox":[149,21,147,280.5],"area":41233.5,"segmentation":[],"iscrowd":0},{"id":388,"image_id":106,"category_id":4,"bbox":[174,245,43.5,105],"area":4567.5,"segmentation":[],"iscrowd":0},{"id":389,"image_id":107,"category_id":1,"bbox":[127,231,46,31.5],"area":1449,"segmentation":[],"iscrowd":0},{"id":390,"image_id":107,"category_id":1,"bbox":[155,245,44,30],"area":1320,"segmentation":[],"iscrowd":0},{"id":391,"image_id":107,"category_id":1,"bbox":[195,254,38,49],"area":1862,"segmentation":[],"iscrowd":0},{"id":392,"image_id":107,"category_id":4,"bbox":[316,261,50.5,81],"area":4090.5,"segmentation":[],"iscrowd":0},{"id":393,"image_id":107,"category_id":6,"bbox":[232,231,49.5,76],"area":3762,"segmentation":[],"iscrowd":0},{"id":394,"image_id":107,"category_id":6,"bbox":[223,196,47.5,66],"area":3135,"segmentation":[],"iscrowd":0},{"id":395,"image_id":107,"category_id":6,"bbox":[214,151,48,70.5],"area":3384,"segmentation":[],"iscrowd":0},{"id":396,"image_id":107,"category_id":6,"bbox":[203,119,45,62],"area":2790,"segmentation":[],"iscrowd":0},{"id":397,"image_id":107,"category_id":6,"bbox":[208,98,21,28.5],"area":598.5,"segmentation":[],"iscrowd":0},{"id":398,"image_id":107,"category_id":2,"bbox":[130,22,144,282],"area":40608,"segmentation":[],"iscrowd":0},{"id":399,"image_id":108,"category_id":6,"bbox":[241,264,46,66],"area":3036,"segmentation":[],"iscrowd":0},{"id":400,"image_id":108,"category_id":6,"bbox":[243,284,54,72],"area":3888,"segmentation":[],"iscrowd":0},{"id":401,"image_id":108,"category_id":6,"bbox":[228,224,49.5,63],"area":3118.5,"segmentation":[],"iscrowd":0},{"id":402,"image_id":108,"category_id":6,"bbox":[220,180,46,68.5],"area":3151,"segmentation":[],"iscrowd":0},{"id":403,"image_id":108,"category_id":6,"bbox":[207,144,48,63],"area":3024,"segmentation":[],"iscrowd":0},{"id":404,"image_id":108,"category_id":4,"bbox":[352,267,40.5,78.5],"area":3179.25,"segmentation":[],"iscrowd":0},{"id":405,"image_id":108,"category_id":1,"bbox":[141,235,41,32.5],"area":1332.5,"segmentation":[],"iscrowd":0},{"id":406,"image_id":108,"category_id":1,"bbox":[166,249,42.5,32],"area":1360,"segmentation":[],"iscrowd":0},{"id":407,"image_id":108,"category_id":1,"bbox":[201,272,43,33.5],"area":1440.5,"segmentation":[],"iscrowd":0},{"id":408,"image_id":108,"category_id":2,"bbox":[129,20,143,290.5],"area":41541.5,"segmentation":[],"iscrowd":0},{"id":409,"image_id":109,"category_id":2,"bbox":[146,20,145.5,282.5],"area":41103.75,"segmentation":[],"iscrowd":0},{"id":410,"image_id":109,"category_id":4,"bbox":[0,262,47.5,88.5],"area":4203.75,"segmentation":[],"iscrowd":0},{"id":411,"image_id":109,"category_id":6,"bbox":[122,272,55.5,80.5],"area":4467.75,"segmentation":[],"iscrowd":0},{"id":412,"image_id":109,"category_id":6,"bbox":[137,239,46.5,73],"area":3394.5,"segmentation":[],"iscrowd":0},{"id":413,"image_id":109,"category_id":6,"bbox":[145,206,48,63],"area":3024,"segmentation":[],"iscrowd":0},{"id":414,"image_id":109,"category_id":1,"bbox":[225,236,42,37.5],"area":1575,"segmentation":[],"iscrowd":0},{"id":415,"image_id":109,"category_id":1,"bbox":[197,251,43,35.5],"area":1526.5,"segmentation":[],"iscrowd":0},{"id":416,"image_id":109,"category_id":1,"bbox":[159,279,47.5,29],"area":1377.5,"segmentation":[],"iscrowd":0},{"id":417,"image_id":110,"category_id":4,"bbox":[276,140,33.5,57],"area":1909.5,"segmentation":[],"iscrowd":0},{"id":418,"image_id":110,"category_id":3,"bbox":[243,270,40,66],"area":2640,"segmentation":[],"iscrowd":0},{"id":419,"image_id":110,"category_id":5,"bbox":[0,75,175,274],"area":47950,"segmentation":[],"iscrowd":0},{"id":420,"image_id":111,"category_id":2,"bbox":[140,21,142.5,281.5],"area":40113.75,"segmentation":[],"iscrowd":0},{"id":421,"image_id":111,"category_id":4,"bbox":[93,262,47.5,90],"area":4275,"segmentation":[],"iscrowd":0},{"id":422,"image_id":111,"category_id":6,"bbox":[164,247,50.5,78],"area":3939,"segmentation":[],"iscrowd":0},{"id":423,"image_id":111,"category_id":6,"bbox":[169,211,49,57.5],"area":2817.5,"segmentation":[],"iscrowd":0},{"id":424,"image_id":111,"category_id":6,"bbox":[175,164,49.5,71.5],"area":3539.25,"segmentation":[],"iscrowd":0},{"id":425,"image_id":111,"category_id":6,"bbox":[179,125,45.5,62],"area":2821,"segmentation":[],"iscrowd":0},{"id":426,"image_id":111,"category_id":6,"bbox":[197,97,25.5,34],"area":867,"segmentation":[],"iscrowd":0},{"id":427,"image_id":111,"category_id":1,"bbox":[257,203,44.5,40.5],"area":1802.25,"segmentation":[],"iscrowd":0},{"id":428,"image_id":111,"category_id":1,"bbox":[231,189,44.5,37.5],"area":1668.75,"segmentation":[],"iscrowd":0},{"id":429,"image_id":111,"category_id":1,"bbox":[210,186,41.5,38],"area":1577,"segmentation":[],"iscrowd":0},{"id":430,"image_id":112,"category_id":2,"bbox":[125,20,145.5,282.5],"area":41103.75,"segmentation":[],"iscrowd":0},{"id":431,"image_id":112,"category_id":4,"bbox":[368,262,47.5,88.5],"area":4203.75,"segmentation":[],"iscrowd":0},{"id":432,"image_id":112,"category_id":6,"bbox":[238,272,55.5,80.5],"area":4467.75,"segmentation":[],"iscrowd":0},{"id":433,"image_id":112,"category_id":6,"bbox":[232,239,46.5,73],"area":3394.5,"segmentation":[],"iscrowd":0},{"id":434,"image_id":112,"category_id":6,"bbox":[223,206,48,63],"area":3024,"segmentation":[],"iscrowd":0},{"id":435,"image_id":112,"category_id":1,"bbox":[150,236,42,37.5],"area":1575,"segmentation":[],"iscrowd":0},{"id":436,"image_id":112,"category_id":1,"bbox":[176,251,43,35.5],"area":1526.5,"segmentation":[],"iscrowd":0},{"id":437,"image_id":112,"category_id":1,"bbox":[209,279,47.5,29],"area":1377.5,"segmentation":[],"iscrowd":0},{"id":438,"image_id":113,"category_id":2,"bbox":[133,23,151.5,272.5],"area":41283.75,"segmentation":[],"iscrowd":0},{"id":439,"image_id":113,"category_id":4,"bbox":[153,264,51,84.5],"area":4309.5,"segmentation":[],"iscrowd":0},{"id":440,"image_id":113,"category_id":6,"bbox":[183,112,39,54],"area":2106,"segmentation":[],"iscrowd":0},{"id":441,"image_id":113,"category_id":6,"bbox":[198,82,21,30],"area":630,"segmentation":[],"iscrowd":0},{"id":442,"image_id":113,"category_id":1,"bbox":[283,205,36,44.5],"area":1602,"segmentation":[],"iscrowd":0},{"id":443,"image_id":113,"category_id":1,"bbox":[254,190,46,52],"area":2392,"segmentation":[],"iscrowd":0},{"id":444,"image_id":113,"category_id":1,"bbox":[233,185,30.5,41],"area":1250.5,"segmentation":[],"iscrowd":0},{"id":445,"image_id":114,"category_id":4,"bbox":[269,261,48,87.5],"area":4200,"segmentation":[],"iscrowd":0},{"id":446,"image_id":114,"category_id":5,"bbox":[0,100,155,259],"area":40145,"segmentation":[],"iscrowd":0},{"id":447,"image_id":115,"category_id":4,"bbox":[117,265,39,89.5],"area":3490.5,"segmentation":[],"iscrowd":0},{"id":448,"image_id":115,"category_id":1,"bbox":[267,213,44.5,42.5],"area":1891.25,"segmentation":[],"iscrowd":0},{"id":449,"image_id":115,"category_id":1,"bbox":[237,229,47,41.5],"area":1950.5,"segmentation":[],"iscrowd":0},{"id":450,"image_id":115,"category_id":1,"bbox":[203,218,35,67],"area":2345,"segmentation":[],"iscrowd":0},{"id":451,"image_id":115,"category_id":6,"bbox":[172,107,42.5,52],"area":2210,"segmentation":[],"iscrowd":0},{"id":452,"image_id":115,"category_id":6,"bbox":[192,82,19,23.5],"area":446.5,"segmentation":[],"iscrowd":0},{"id":453,"image_id":115,"category_id":2,"bbox":[137,19,144.5,277.5],"area":40098.75,"segmentation":[],"iscrowd":0},{"id":454,"image_id":116,"category_id":4,"bbox":[103,262,47,87.5],"area":4112.5,"segmentation":[],"iscrowd":0},{"id":455,"image_id":117,"category_id":6,"bbox":[215,160,50,88],"area":4400,"segmentation":[],"iscrowd":0},{"id":456,"image_id":117,"category_id":6,"bbox":[206,126,52,72.5],"area":3770,"segmentation":[],"iscrowd":0},{"id":457,"image_id":117,"category_id":6,"bbox":[205,99,34,42.5],"area":1445,"segmentation":[],"iscrowd":0},{"id":458,"image_id":117,"category_id":6,"bbox":[205,70,16,28],"area":448,"segmentation":[],"iscrowd":0},{"id":459,"image_id":117,"category_id":4,"bbox":[290,266,43.5,84.5],"area":3675.75,"segmentation":[],"iscrowd":0},{"id":460,"image_id":117,"category_id":1,"bbox":[188,238,34,55.5],"area":1887,"segmentation":[],"iscrowd":0},{"id":461,"image_id":117,"category_id":1,"bbox":[144,237,45.5,42],"area":1911,"segmentation":[],"iscrowd":0},{"id":462,"image_id":117,"category_id":1,"bbox":[117,222,40.5,37.5],"area":1518.75,"segmentation":[],"iscrowd":0},{"id":463,"image_id":117,"category_id":2,"bbox":[132,23,145,274.5],"area":39802.5,"segmentation":[],"iscrowd":0},{"id":464,"image_id":118,"category_id":4,"bbox":[281,166,28.5,56.5],"area":1610.25,"segmentation":[],"iscrowd":0},{"id":465,"image_id":118,"category_id":3,"bbox":[281,270,37.5,65.5],"area":2456.25,"segmentation":[],"iscrowd":0},{"id":466,"image_id":118,"category_id":5,"bbox":[0,68,178,284.5],"area":50641,"segmentation":[],"iscrowd":0},{"id":467,"image_id":119,"category_id":2,"bbox":[150,21,143,288],"area":41184,"segmentation":[],"iscrowd":0},{"id":468,"image_id":119,"category_id":1,"bbox":[271,73,42.5,58],"area":2465,"segmentation":[],"iscrowd":0},{"id":469,"image_id":119,"category_id":1,"bbox":[112,286,48,37.5],"area":1800,"segmentation":[],"iscrowd":0},{"id":470,"image_id":119,"category_id":1,"bbox":[82,253,41.5,47],"area":1950.5,"segmentation":[],"iscrowd":0},{"id":471,"image_id":119,"category_id":4,"bbox":[0,266,42,77.5],"area":3255,"segmentation":[],"iscrowd":0},{"id":472,"image_id":120,"category_id":4,"bbox":[176,244,40.5,105],"area":4252.5,"segmentation":[],"iscrowd":0},{"id":473,"image_id":120,"category_id":2,"bbox":[131,20,151,275],"area":41525,"segmentation":[],"iscrowd":0},{"id":474,"image_id":121,"category_id":2,"bbox":[124,21,143.5,277.5],"area":39821.25,"segmentation":[],"iscrowd":0},{"id":475,"image_id":121,"category_id":4,"bbox":[330,142,32.5,62.5],"area":2031.25,"segmentation":[],"iscrowd":0},{"id":476,"image_id":121,"category_id":1,"bbox":[322,267,39,37.5],"area":1462.5,"segmentation":[],"iscrowd":0},{"id":477,"image_id":121,"category_id":1,"bbox":[284,285,42.5,43],"area":1827.5,"segmentation":[],"iscrowd":0},{"id":478,"image_id":121,"category_id":1,"bbox":[126,94,45,52],"area":2340,"segmentation":[],"iscrowd":0},{"id":479,"image_id":122,"category_id":2,"bbox":[136,22,144.5,282],"area":40749,"segmentation":[],"iscrowd":0},{"id":480,"image_id":122,"category_id":2,"bbox":[177,256,39,94],"area":3666,"segmentation":[],"iscrowd":0},{"id":481,"image_id":123,"category_id":1,"bbox":[110,105,36,70],"area":2520,"segmentation":[],"iscrowd":0},{"id":482,"image_id":123,"category_id":1,"bbox":[325,19,19,19],"area":361,"segmentation":[],"iscrowd":0},{"id":483,"image_id":123,"category_id":4,"bbox":[176,250,41,98],"area":4018,"segmentation":[],"iscrowd":0},{"id":484,"image_id":123,"category_id":2,"bbox":[134,22,146.5,282.5],"area":41386.25,"segmentation":[],"iscrowd":0},{"id":485,"image_id":124,"category_id":4,"bbox":[197,245,43.5,108],"area":4698,"segmentation":[],"iscrowd":0},{"id":486,"image_id":125,"category_id":4,"bbox":[73,264,46.5,84.5],"area":3929.25,"segmentation":[],"iscrowd":0},{"id":487,"image_id":125,"category_id":1,"bbox":[128,128,24.5,72],"area":1764,"segmentation":[],"iscrowd":0},{"id":488,"image_id":125,"category_id":1,"bbox":[196,252,45,52.5],"area":2362.5,"segmentation":[],"iscrowd":0},{"id":489,"image_id":125,"category_id":1,"bbox":[340,15,34,40],"area":1360,"segmentation":[],"iscrowd":0},{"id":490,"image_id":125,"category_id":2,"bbox":[140,19,148.5,289.5],"area":42990.75,"segmentation":[],"iscrowd":0},{"id":491,"image_id":126,"category_id":4,"bbox":[101,259,46.5,90.5],"area":4208.25,"segmentation":[],"iscrowd":0},{"id":492,"image_id":127,"category_id":4,"bbox":[265,261,47,91],"area":4277,"segmentation":[],"iscrowd":0},{"id":493,"image_id":127,"category_id":1,"bbox":[267,110,26.5,66],"area":1749,"segmentation":[],"iscrowd":0},{"id":494,"image_id":127,"category_id":1,"bbox":[167,237,41.5,60.5],"area":2510.75,"segmentation":[],"iscrowd":0},{"id":495,"image_id":127,"category_id":2,"bbox":[133,21,147,278.5],"area":40939.5,"segmentation":[],"iscrowd":0},{"id":496,"image_id":128,"category_id":1,"bbox":[138,102,46,51],"area":2346,"segmentation":[],"iscrowd":0},{"id":497,"image_id":128,"category_id":1,"bbox":[298,269,39.5,58],"area":2291,"segmentation":[],"iscrowd":0},{"id":498,"image_id":128,"category_id":1,"bbox":[334,252,35,55],"area":1925,"segmentation":[],"iscrowd":0},{"id":499,"image_id":128,"category_id":2,"bbox":[128,20,141,287],"area":40467,"segmentation":[],"iscrowd":0},{"id":500,"image_id":128,"category_id":4,"bbox":[304,159,30,58.5],"area":1755,"segmentation":[],"iscrowd":0},{"id":501,"image_id":129,"category_id":4,"bbox":[101,259,48,89.5],"area":4296,"segmentation":[],"iscrowd":0},{"id":502,"image_id":130,"category_id":2,"bbox":[146,22,140.5,280],"area":39340,"segmentation":[],"iscrowd":0},{"id":503,"image_id":130,"category_id":4,"bbox":[102,266,51,81.5],"area":4156.5,"segmentation":[],"iscrowd":0},{"id":504,"image_id":130,"category_id":1,"bbox":[46,218,22.5,76.5],"area":1721.25,"segmentation":[],"iscrowd":0},{"id":505,"image_id":130,"category_id":1,"bbox":[74,237,26.5,78],"area":2067,"segmentation":[],"iscrowd":0},{"id":506,"image_id":130,"category_id":1,"bbox":[216,108,43.5,50],"area":2175,"segmentation":[],"iscrowd":0},{"id":507,"image_id":131,"category_id":1,"bbox":[294,52,36,73],"area":2628,"segmentation":[],"iscrowd":0},{"id":508,"image_id":131,"category_id":4,"bbox":[200,252,39,96.5],"area":3763.5,"segmentation":[],"iscrowd":0},{"id":509,"image_id":131,"category_id":2,"bbox":[134,22,149.5,288],"area":43056,"segmentation":[],"iscrowd":0},{"id":510,"image_id":132,"category_id":4,"bbox":[238,259,47,97],"area":4559,"segmentation":[],"iscrowd":0},{"id":511,"image_id":133,"category_id":4,"bbox":[102,259,39.5,90.5],"area":3574.75,"segmentation":[],"iscrowd":0},{"id":512,"image_id":133,"category_id":5,"bbox":[236,89,180.267,273],"area":49212.851,"segmentation":[[416,88.593,235.733,88.593,235.733,361.593,416,361.593,416,88.593]],"iscrowd":0},{"id":513,"image_id":134,"category_id":4,"bbox":[278,261,40,91],"area":3640,"segmentation":[],"iscrowd":0},{"id":514,"image_id":135,"category_id":3,"bbox":[0,270,22,60],"area":1320,"segmentation":[],"iscrowd":0},{"id":515,"image_id":135,"category_id":4,"bbox":[100,260,45,87.5],"area":3937.5,"segmentation":[],"iscrowd":0},{"id":516,"image_id":136,"category_id":4,"bbox":[202,266,48,83.5],"area":4008,"segmentation":[],"iscrowd":0},{"id":517,"image_id":136,"category_id":1,"bbox":[153,207,37,70.5],"area":2608.5,"segmentation":[],"iscrowd":0},{"id":518,"image_id":136,"category_id":1,"bbox":[278,74,37,64],"area":2368,"segmentation":[],"iscrowd":0},{"id":519,"image_id":136,"category_id":2,"bbox":[130,21,152,288],"area":43776,"segmentation":[],"iscrowd":0},{"id":520,"image_id":137,"category_id":4,"bbox":[296,264,46.5,84.5],"area":3929.25,"segmentation":[],"iscrowd":0},{"id":521,"image_id":137,"category_id":1,"bbox":[263,128,24.5,72],"area":1764,"segmentation":[],"iscrowd":0},{"id":522,"image_id":137,"category_id":1,"bbox":[176,252,45,52.5],"area":2362.5,"segmentation":[],"iscrowd":0},{"id":523,"image_id":137,"category_id":1,"bbox":[42,15,34,40],"area":1360,"segmentation":[],"iscrowd":0},{"id":524,"image_id":137,"category_id":2,"bbox":[127,19,148.5,289.5],"area":42990.75,"segmentation":[],"iscrowd":0},{"id":525,"image_id":138,"category_id":2,"bbox":[138,21,151.5,288],"area":43632,"segmentation":[],"iscrowd":0},{"id":526,"image_id":138,"category_id":4,"bbox":[81,270,35,75.5],"area":2642.5,"segmentation":[],"iscrowd":0},{"id":527,"image_id":138,"category_id":1,"bbox":[332,20,40.5,43],"area":1741.5,"segmentation":[],"iscrowd":0},{"id":528,"image_id":138,"category_id":1,"bbox":[185,258,43,51.5],"area":2214.5,"segmentation":[],"iscrowd":0},{"id":529,"image_id":138,"category_id":1,"bbox":[131,151,22,67.5],"area":1485,"segmentation":[],"iscrowd":0},{"id":530,"image_id":139,"category_id":4,"bbox":[265,261,51.5,87],"area":4480.5,"segmentation":[],"iscrowd":0},{"id":531,"image_id":139,"category_id":5,"bbox":[1,84,176,273.5],"area":48136,"segmentation":[],"iscrowd":0},{"id":532,"image_id":140,"category_id":4,"bbox":[199,244,40.5,105],"area":4252.5,"segmentation":[],"iscrowd":0},{"id":533,"image_id":140,"category_id":2,"bbox":[134,20,151,275],"area":41525,"segmentation":[],"iscrowd":0},{"id":534,"image_id":141,"category_id":4,"bbox":[216,269,37,86.5],"area":3200.5,"segmentation":[],"iscrowd":0},{"id":535,"image_id":142,"category_id":4,"bbox":[107,166,28.5,56.5],"area":1610.25,"segmentation":[],"iscrowd":0},{"id":536,"image_id":142,"category_id":3,"bbox":[97,270,37.5,65.5],"area":2456.25,"segmentation":[],"iscrowd":0},{"id":537,"image_id":142,"category_id":5,"bbox":[238,68,178,284.5],"area":50641,"segmentation":[],"iscrowd":0},{"id":538,"image_id":143,"category_id":1,"bbox":[322,17,42,62.5],"area":2625,"segmentation":[],"iscrowd":0},{"id":539,"image_id":143,"category_id":1,"bbox":[172,263,44.5,49],"area":2180.5,"segmentation":[],"iscrowd":0},{"id":540,"image_id":143,"category_id":1,"bbox":[127,173,28,69],"area":1932,"segmentation":[],"iscrowd":0},{"id":541,"image_id":143,"category_id":2,"bbox":[139,18,155.5,293.5],"area":45639.25,"segmentation":[],"iscrowd":0},{"id":542,"image_id":143,"category_id":4,"bbox":[80,257,37.5,91.5],"area":3431.25,"segmentation":[],"iscrowd":0},{"id":543,"image_id":144,"category_id":2,"bbox":[134,21,150,286.5],"area":42975,"segmentation":[],"iscrowd":0},{"id":544,"image_id":144,"category_id":4,"bbox":[199,247,41,102.5],"area":4202.5,"segmentation":[],"iscrowd":0},{"id":545,"image_id":145,"category_id":2,"bbox":[128,22,154,292.5],"area":45045,"segmentation":[],"iscrowd":0},{"id":546,"image_id":145,"category_id":1,"bbox":[271,90,35,65.5],"area":2292.5,"segmentation":[],"iscrowd":0},{"id":547,"image_id":145,"category_id":1,"bbox":[159,222,40.5,65],"area":2632.5,"segmentation":[],"iscrowd":0},{"id":548,"image_id":145,"category_id":4,"bbox":[241,263,42,87],"area":3654,"segmentation":[],"iscrowd":0},{"id":549,"image_id":146,"category_id":2,"bbox":[145,27,145.5,280],"area":40740,"segmentation":[],"iscrowd":0},{"id":550,"image_id":146,"category_id":4,"bbox":[92,125,54,70.5],"area":3807,"segmentation":[],"iscrowd":0},{"id":551,"image_id":146,"category_id":6,"bbox":[188,22,51,83],"area":4233,"segmentation":[],"iscrowd":0},{"id":552,"image_id":146,"category_id":1,"bbox":[100,267,38,60.5],"area":2299,"segmentation":[],"iscrowd":0},{"id":553,"image_id":146,"category_id":1,"bbox":[129,246,41.5,58.5],"area":2427.75,"segmentation":[],"iscrowd":0},{"id":554,"image_id":146,"category_id":1,"bbox":[158,246,42,41.5],"area":1743,"segmentation":[],"iscrowd":0},{"id":555,"image_id":147,"category_id":2,"bbox":[142,20,150.5,290],"area":43645,"segmentation":[],"iscrowd":0},{"id":556,"image_id":147,"category_id":4,"bbox":[58,156,36,56.5],"area":2034,"segmentation":[],"iscrowd":0},{"id":557,"image_id":147,"category_id":1,"bbox":[113,287,42,39.5],"area":1659,"segmentation":[],"iscrowd":0},{"id":558,"image_id":147,"category_id":1,"bbox":[143,261,48,39],"area":1872,"segmentation":[],"iscrowd":0},{"id":559,"image_id":147,"category_id":1,"bbox":[174,248,39,36],"area":1404,"segmentation":[],"iscrowd":0},{"id":560,"image_id":148,"category_id":4,"bbox":[48,262,51,90.5],"area":4615.5,"segmentation":[],"iscrowd":0},{"id":561,"image_id":148,"category_id":1,"bbox":[157,275,46.5,42],"area":1953,"segmentation":[],"iscrowd":0},{"id":562,"image_id":148,"category_id":1,"bbox":[124,192,31.5,65],"area":2047.5,"segmentation":[],"iscrowd":0},{"id":563,"image_id":148,"category_id":1,"bbox":[313,34,40,56],"area":2240,"segmentation":[],"iscrowd":0},{"id":564,"image_id":148,"category_id":2,"bbox":[141,22,149,284.5],"area":42390.5,"segmentation":[],"iscrowd":0},{"id":565,"image_id":149,"category_id":2,"bbox":[136,21,145,279.5],"area":40527.5,"segmentation":[],"iscrowd":0},{"id":566,"image_id":149,"category_id":4,"bbox":[200,249,40,98],"area":3920,"segmentation":[],"iscrowd":0},{"id":567,"image_id":149,"category_id":1,"bbox":[90,40,32,62],"area":1984,"segmentation":[],"iscrowd":0},{"id":568,"image_id":149,"category_id":1,"bbox":[244,171,33,71],"area":2343,"segmentation":[],"iscrowd":0},{"id":569,"image_id":150,"category_id":1,"bbox":[262,122,36.5,69],"area":2518.5,"segmentation":[],"iscrowd":0},{"id":570,"image_id":150,"category_id":1,"bbox":[72,19,29.5,33.5],"area":988.25,"segmentation":[],"iscrowd":0},{"id":571,"image_id":150,"category_id":4,"bbox":[197,249,41.5,101],"area":4191.5,"segmentation":[],"iscrowd":0},{"id":572,"image_id":150,"category_id":2,"bbox":[133,21,149.5,281.5],"area":42084.25,"segmentation":[],"iscrowd":0},{"id":573,"image_id":151,"category_id":1,"bbox":[96,70,35.5,74],"area":2627,"segmentation":[],"iscrowd":0},{"id":574,"image_id":151,"category_id":2,"bbox":[133,22,150,280],"area":42000,"segmentation":[],"iscrowd":0},{"id":575,"image_id":151,"category_id":4,"bbox":[177,248,39,98],"area":3822,"segmentation":[],"iscrowd":0},{"id":576,"image_id":152,"category_id":4,"bbox":[0,269,29,75.5],"area":2189.5,"segmentation":[],"iscrowd":0},{"id":577,"image_id":152,"category_id":1,"bbox":[133,281,49.5,37],"area":1831.5,"segmentation":[],"iscrowd":0},{"id":578,"image_id":152,"category_id":1,"bbox":[107,228,34,57.5],"area":1955,"segmentation":[],"iscrowd":0},{"id":579,"image_id":152,"category_id":1,"bbox":[294,60,39.5,50.5],"area":1994.75,"segmentation":[],"iscrowd":0},{"id":580,"image_id":152,"category_id":2,"bbox":[132,21,168.5,285],"area":48022.5,"segmentation":[],"iscrowd":0},{"id":581,"image_id":153,"category_id":4,"bbox":[175,246,41.5,105],"area":4357.5,"segmentation":[],"iscrowd":0},{"id":582,"image_id":153,"category_id":2,"bbox":[140,21,177.5,279],"area":49522.5,"segmentation":[],"iscrowd":0},{"id":583,"image_id":154,"category_id":2,"bbox":[140,21,144,291.5],"area":41976,"segmentation":[],"iscrowd":0},{"id":584,"image_id":154,"category_id":4,"bbox":[199,203,29,57],"area":1653,"segmentation":[],"iscrowd":0},{"id":585,"image_id":154,"category_id":1,"bbox":[87,222,27,71.5],"area":1930.5,"segmentation":[],"iscrowd":0},{"id":586,"image_id":154,"category_id":1,"bbox":[117,208,26,69],"area":1794,"segmentation":[],"iscrowd":0},{"id":587,"image_id":154,"category_id":1,"bbox":[140,206,30.5,68.5],"area":2089.25,"segmentation":[],"iscrowd":0}]}